card_id,note_id,model_id,type,queue,due,ivl,factor,reps,lapses,left,odue,odid
1783524620393,1783524620390,1351748277749,2,2,4991,82,2500,5,0,0,0,0
1783524624598,1783524624598,1351748277749,2,2,4981,42,2300,12,1,0,0,0
1783524628818,1783524628818,1351748277749,2,2,5086,177,2650,4,0,0,0,0
1783524633020,1783524633020,1351748277749,2,2,5078,169,2800,4,0,0,0,0
1783524637250,1783524637250,1351748277749,2,2,5052,123,2200,4,0,0,0,0
1783524641480,1783524641480,1351748277749,2,2,4977,73,2350,4,0,0,0,0
1783524645659,1783524645659,1351748277749,2,2,5079,170,2800,4,0,0,0,0
1783524649885,1783524649885,1351748277749,2,2,4989,60,2650,9,0,0,0,0
1783524654070,1783524654070,1351748277749,2,2,4963,29,2300,12,1,0,0,0
1783524658268,1783524658268,1351748277749,2,2,5029,120,2500,4,0,0,0,0
1783524662428,1783524662428,1351748277749,2,2,4957,8,1950,12,2,0,0,0
1783524666609,1783524666609,1351748277749,2,2,4961,32,1850,11,1,0,0,0
1783524670847,1783524670847,1351748277749,2,2,4971,62,2750,8,1,0,0,0
1783524675005,1783524675005,1351748277749,2,2,4920,4,2200,19,3,0,0,0
1783524679216,1783524679216,1351748277749,2,2,4986,36,1950,13,2,0,0,0
1783524683423,1783524683423,1351748277749,2,2,4966,32,2450,11,1,0,0,0
1783524687616,1783524687616,1351748277749,2,2,4968,18,2200,18,3,0,0,0
1783524691805,1783524691805,1351748277749,2,2,4987,78,2350,4,0,0,0,0
1783524695970,1783524695970,1351748277749,2,2,4962,33,2300,10,1,0,0,0
1783524700177,1783524700177,1351748277749,2,2,4951,2,1800,13,2,0,0,0
1783524704363,1783524704363,1351748277749,2,2,4905,1,1300,24,7,0,0,0
1783524708536,1783524708536,1351748277749,2,2,4914,5,1450,18,3,0,0,0
1783524712736,1783524712736,1351748277749,2,2,5021,112,2800,6,0,0,0,0
1783524716942,1783524716942,1351748277749,2,2,4983,47,2350,8,0,0,0,0
1783524721143,1783524721143,1351748277749,2,2,4913,4,2250,15,2,0,0,0
1783524725344,1783524725344,1351748277749,2,2,4953,4,2000,14,4,0,0,0
1783524729560,1783524729560,1351748277749,2,2,4955,21,2250,13,2,0,0,0
1783524733771,1783524733771,1351748277749,2,2,4910,6,1900,14,3,0,0,0
1783524737948,1783524737948,1351748277749,2,2,4952,2,2000,14,4,0,0,0
1783524742176,1783524742176,1351748277749,2,2,4976,47,2350,8,0,0,0,0
1783524746374,1783524746374,1351748277749,2,2,4951,2,2100,7,2,0,0,0
1783524750602,1783524750601,1351748277749,2,2,4938,2,2050,13,3,0,0,0
1783524754793,1783524754793,1351748277749,2,2,5013,64,2350,6,0,0,0,0
1783524759183,1783524759183,1351748277749,2,2,4938,2,1850,13,4,0,0,0
1783524763378,1783524763378,1351748277749,2,2,4952,23,2300,8,1,0,0,0
1783524767598,1783524767597,1351748277749,2,2,4938,2,1650,20,2,0,0,0
1783524771806,1783524771806,1351748277749,2,2,4937,1,2050,18,3,0,0,0
1783524776019,1783524776018,1351748277749,2,2,4942,3,1600,10,3,0,0,0
1783524780232,1783524780232,1351748277749,2,2,4917,8,2250,14,2,0,0,0
1783524784431,1783524784431,1351748277749,2,2,4950,1,1950,12,2,0,0,0
1783524788667,1783524788667,1351748277749,2,2,4918,2,2100,11,2,0,0,0
1783524792901,1783524792901,1351748277749,2,2,4918,2,1600,11,3,0,0,0
1783524797069,1783524797069,1351748277749,2,2,4930,1,1850,14,4,0,0,0
1783524801272,1783524801272,1351748277749,2,2,5004,95,2650,3,0,0,0,0
1783524805451,1783524805451,1351748277749,2,2,4905,1,1700,12,4,0,0,0
1783524809633,1783524809633,1351748277749,2,2,4963,13,1850,9,1,0,0,0
1783524813837,1783524813837,1351748277749,2,2,4959,10,2150,7,1,0,0,0
1783524818009,1783524818009,1351748277749,2,2,4979,30,2000,9,1,0,0,0
1783524822201,1783524822201,1351748277749,2,2,4972,43,2200,3,0,0,0,0
1783524826415,1783524826415,1351748277749,2,2,4956,6,1800,10,2,0,0,0
1783524834748,1783524834748,1642207253876,2,2,4901,14,2350,8,0,0,0,0
1783524836844,1783524836844,1642207253876,2,2,5126,173,2800,5,0,0,0,0
1783524838903,1783524838903,1642207253876,2,2,4902,21,2500,5,0,0,0,0
1783524840967,1783524840967,1642207253876,2,2,4895,9,1950,13,2,0,0,0
1783524843065,1783524843065,1642207253876,2,2,4894,14,2600,7,1,0,0,0
1783524845156,1783524845156,1642207253876,2,2,5133,180,2800,5,0,0,0,0
1783524847242,1783524847242,1642207253876,2,2,4891,10,2450,7,1,0,0,0
1783524849332,1783524849332,1642207253876,2,2,4910,20,2300,9,1,0,0,0
1783524851407,1783524851407,1642207253876,2,2,5081,127,2650,6,0,0,0,0
1783524853488,1783524853488,1642207253876,2,2,5078,174,2650,3,0,0,0,0
1783524855569,1783524855569,1642207253876,2,2,5133,180,2650,4,0,0,0,0
1783524857653,1783524857653,1642207253876,2,2,4910,20,2450,9,1,0,0,0
1783524859703,1783524859703,1642207253876,2,2,4907,3,2100,8,2,0,0,0
1783524861794,1783524861794,1642207253876,3,1,1790860569,2,2300,6,1,1,0,0
1783524863881,1783524863881,1642207253876,2,2,4898,11,2300,9,1,0,0,0
1783524866001,1783524866001,1642207253876,2,2,5076,172,2650,3,0,0,0,0
1783524868092,1783524868092,1642207253876,2,2,5039,135,2650,3,0,0,0,0
1783524870157,1783524870156,1642207253876,2,2,4895,9,2300,7,1,0,0,0
1783524872225,1783524872225,1642207253876,2,2,5125,172,2650,3,0,0,0,0
1783524874322,1783524874322,1642207253876,2,2,4895,5,2150,10,1,0,0,0
1783524876417,1783524876417,1642207253876,2,2,5122,169,2500,4,0,0,0,0
1783524878513,1783524878513,1642207253876,2,2,4893,5,2050,14,3,0,0,0
1783524880584,1783524880584,1642207253876,2,2,5055,101,2500,5,0,0,0,0
1783524882680,1783524882680,1642207253876,2,2,4890,10,2350,4,0,0,0,0
1783524884754,1783524884754,1642207253876,2,2,4959,5,2450,6,1,0,0,0
1783524886840,1783524886840,1642207253876,2,2,4904,17,2450,7,1,0,0,0
1783524888924,1783524888924,1642207253876,2,2,4890,4,2300,9,1,0,0,0
1783524891016,1783524891016,1642207253876,2,2,4956,2,2300,5,1,0,0,0
1783524893107,1783524893107,1642207253876,2,2,4902,14,2450,7,1,0,0,0
1783524895175,1783524895174,1642207253876,2,2,4957,3,2300,4,1,0,0,0
1783524897252,1783524897252,1642207253876,2,2,5065,112,2500,3,0,0,0,0
1783524899321,1783524899321,1642207253876,2,2,5026,73,2350,3,0,0,0,0
1783524901383,1783524901383,1642207253876,2,2,4959,5,2300,4,1,0,0,0
1783524903444,1783524903444,1642207253876,2,2,4896,8,2450,5,1,0,0,0
1783524905538,1783524905538,1642207253876,2,2,4890,4,2150,6,1,0,0,0
1783524907600,1783524907600,1642207253876,2,2,4890,4,2250,9,2,0,0,0
1783524909695,1783524909695,1642207253876,2,2,4890,2,2100,7,2,0,0,0
1783524911787,1783524911787,1642207253876,2,2,4891,1,2100,24,2,0,0,0
1783524913903,1783524913903,1642207253876,2,2,4891,1,2300,24,1,0,0,0
1783524915993,1783524915993,1642207253876,2,2,4894,2,2300,5,1,0,0,0
1783524918070,1783524918070,1642207253876,2,2,4906,2,2100,15,2,0,0,0
1783524920129,1783524920129,1642207253876,2,2,4891,1,2100,16,2,0,0,0
1783524922222,1783524922222,1642207253876,2,2,4954,1,2300,8,1,0,0,0
1783524924297,1783524924297,1642207253876,2,2,4892,4,2450,6,1,0,0,0
1783524926376,1783524926376,1642207253876,2,2,4894,6,2500,4,0,0,0,0
1783524928437,1783524928437,1642207253876,2,2,4890,2,2500,3,0,0,0,0
1783524930526,1783524930526,1642207253876,2,2,4890,2,2500,3,0,0,0,0
1783524932604,1783524932604,1642207253876,2,2,4890,2,2300,4,1,0,0,0
1783524934689,1783524934689,1642207253876,2,2,4891,1,2300,5,1,0,0,0
1783524936778,1783524936778,1642207253876,2,2,4954,1,2300,5,1,0,0,0
1783524938860,1783524938860,1642207253876,2,2,4891,1,2500,4,0,0,0,0
1783524940922,1783524940921,1642207253876,2,2,4990,86,2650,2,0,0,0,0
1783524942981,1783524942981,1642207253876,0,0,268919,0,0,0,0,0,0,0
1783524945050,1783524945049,1642207253876,0,0,268920,0,0,0,0,0,0,0
1783524947135,1783524947135,1642207253876,0,0,268921,0,0,0,0,0,0,0
1783524949193,1783524949193,1642207253876,0,0,268922,0,0,0,0,0,0,0
1783524951251,1783524951250,1642207253876,0,0,268923,0,0,0,0,0,0,0
1783524953310,1783524953310,1642207253876,0,0,268924,0,0,0,0,0,0,0
1783524955403,1783524955403,1642207253876,0,0,268925,0,0,0,0,0,0,0
1783524957452,1783524957452,1642207253876,0,0,268926,0,0,0,0,0,0,0
1783524959525,1783524959525,1642207253876,0,0,268927,0,0,0,0,0,0,0
1783524961609,1783524961609,1642207253876,0,0,268928,0,0,0,0,0,0,0
1783524963706,1783524963706,1642207253876,0,0,268929,0,0,0,0,0,0,0
1783524965768,1783524965768,1642207253876,0,0,268930,0,0,0,0,0,0,0
1783524967828,1783524967828,1642207253876,0,0,268931,0,0,0,0,0,0,0
1783524969936,1783524969936,1642207253876,0,0,268932,0,0,0,0,0,0,0
1783524972034,1783524972034,1642207253876,0,0,268933,0,0,0,0,0,0,0
1783524974125,1783524974125,1642207253876,0,0,268934,0,0,0,0,0,0,0
1783524976221,1783524976221,1642207253876,0,0,268935,0,0,0,0,0,0,0
1783524978290,1783524978290,1642207253876,0,0,268936,0,0,0,0,0,0,0
1783524980377,1783524980377,1642207253876,0,0,268937,0,0,0,0,0,0,0
1783524982456,1783524982456,1642207253876,0,0,268938,0,0,0,0,0,0,0
1783524984515,1783524984515,1642207253876,0,0,268939,0,0,0,0,0,0,0
1783524986602,1783524986602,1642207253876,0,0,268940,0,0,0,0,0,0,0
1783524988697,1783524988697,1642207253876,0,0,268941,0,0,0,0,0,0,0
1783524990778,1783524990778,1642207253876,0,0,268942,0,0,0,0,0,0,0
1783524992859,1783524992859,1642207253876,0,0,268943,0,0,0,0,0,0,0
1783524994927,1783524994927,1642207253876,0,0,268944,0,0,0,0,0,0,0
1783524997007,1783524997007,1642207253876,0,0,268945,0,0,0,0,0,0,0
1783524999071,1783524999071,1642207253876,0,0,268946,0,0,0,0,0,0,0
1783525001175,1783525001175,1642207253876,0,0,268947,0,0,0,0,0,0,0
1783525003272,1783525003272,1642207253876,0,0,268948,0,0,0,0,0,0,0
1783525005324,1783525005324,1642207253876,0,0,268949,0,0,0,0,0,0,0
1783525007388,1783525007388,1642207253876,0,0,268950,0,0,0,0,0,0,0
1783525009491,1783525009491,1642207253876,0,0,268951,0,0,0,0,0,0,0
1783525011565,1783525011565,1642207253876,0,0,268952,0,0,0,0,0,0,0
1783525013654,1783525013654,1642207253876,0,0,268953,0,0,0,0,0,0,0
1783525015736,1783525015736,1642207253876,0,0,268954,0,0,0,0,0,0,0
1783525017803,1783525017803,1642207253876,0,0,268955,0,0,0,0,0,0,0
1783525019883,1783525019883,1642207253876,0,0,268956,0,0,0,0,0,0,0
1783525021978,1783525021978,1642207253876,0,0,268957,0,0,0,0,0,0,0
1783525024052,1783525024052,1642207253876,0,0,268958,0,0,0,0,0,0,0
1783525026139,1783525026139,1642207253876,0,0,268959,0,0,0,0,0,0,0
1783525028212,1783525028212,1642207253876,0,0,268960,0,0,0,0,0,0,0
1783525030310,1783525030310,1642207253876,0,0,268961,0,0,0,0,0,0,0
1783525032387,1783525032387,1642207253876,0,0,268962,0,0,0,0,0,0,0
1783525034474,1783525034474,1642207253876,0,0,268963,0,0,0,0,0,0,0
1783525036566,1783525036566,1642207253876,0,0,268964,0,0,0,0,0,0,0
1783525038624,1783525038624,1642207253876,0,0,268965,0,0,0,0,0,0,0
1783525040702,1783525040702,1642207253876,0,0,268966,0,0,0,0,0,0,0
1783553814596,1783553814596,1351748277749,3,1,1786021699,1,2300,4,1,1,0,0
1783553820909,1783553820909,1351748277749,3,1,1786021754,1,2250,8,2,1,0,0
1783553827281,1783553827281,1351748277749,3,1,1786021759,1,2000,5,1,1,0,0
1783553833617,1783553833617,1351748277749,2,2,4938,40,2350,3,0,0,0,0
1783553839974,1783553839974,1351748277749,3,1,1786021778,1,2000,6,1,1,0,0
1783553846350,1783553846350,1351748277749,2,2,4929,31,2350,5,0,0,0,0
1783553852727,1783553852727,1351748277749,2,2,4956,58,2650,4,0,0,0,0
1783553859007,1783553859007,1351748277749,2,2,4899,1,1700,11,4,0,0,0
1783553865406,1783553865406,1351748277749,2,2,4932,34,2500,4,0,0,0,0
1783553871736,1783553871736,1351748277749,2,2,4882,2,2300,8,1,0,0,0
1783553875938,1783553875938,1351748277749,2,2,4883,4,2450,8,1,0,0,0
1783553882216,1783553882216,1351748277749,2,2,4931,33,2500,4,0,0,0,0
1783553888571,1783553888571,1351748277749,2,2,4881,1,2150,5,1,0,0,0
1783553894901,1783553894901,1351748277749,2,2,4882,2,2300,9,1,0,0,0
1783553901232,1783553901232,1351748277749,3,1,1786021769,1,2300,6,1,1,0,0
1783553907556,1783553907556,1351748277749,3,1,1786021730,1,2300,4,1,1,0,0
1783553913900,1783553913900,1351748277749,2,2,4881,1,2300,6,1,0,0,0
1783553920265,1783553920264,1351748277749,3,1,1786021730,1,2300,3,1,1,0,0
1783553926656,1783553926656,1351748277749,2,2,4927,29,2500,2,0,0,0,0
1783553933009,1783553933009,1351748277749,3,1,1786021573,1,2300,2,1,1,0,0
1783553939393,1783553939393,1351748277749,0,0,269064,0,0,0,0,0,0,0
1783553945754,1783553945754,1351748277749,0,0,269065,0,0,0,0,0,0,0
1783553952116,1783553952116,1351748277749,0,0,269066,0,0,0,0,0,0,0
1783553958503,1783553958503,1351748277749,0,0,269067,0,0,0,0,0,0,0
1783553964932,1783553964932,1351748277749,0,0,269068,0,0,0,0,0,0,0
1783553971296,1783553971296,1351748277749,0,0,269069,0,0,0,0,0,0,0
1783553977637,1783553977637,1351748277749,0,0,269070,0,0,0,0,0,0,0
1783553984011,1783553984011,1351748277749,0,0,269071,0,0,0,0,0,0,0
1783553990366,1783553990366,1351748277749,0,0,269072,0,0,0,0,0,0,0
1783553996784,1783553996784,1351748277749,0,0,269073,0,0,0,0,0,0,0
1783554003170,1783554003170,1351748277749,0,0,269074,0,0,0,0,0,0,0
1783554009529,1783554009529,1351748277749,0,0,269075,0,0,0,0,0,0,0
1783554015907,1783554015907,1351748277749,0,0,269076,0,0,0,0,0,0,0
1783554022235,1783554022235,1351748277749,0,0,269077,0,0,0,0,0,0,0
1783554028535,1783554028534,1351748277749,0,0,269078,0,0,0,0,0,0,0
1783554034897,1783554034897,1351748277749,0,0,269079,0,0,0,0,0,0,0
1783554041217,1783554041217,1351748277749,0,0,269080,0,0,0,0,0,0,0
1783554047626,1783554047626,1351748277749,0,0,269081,0,0,0,0,0,0,0
1783554054029,1783554054029,1351748277749,0,0,269082,0,0,0,0,0,0,0
1783554060399,1783554060399,1351748277749,0,0,269083,0,0,0,0,0,0,0
1783554066742,1783554066742,1351748277749,0,0,269084,0,0,0,0,0,0,0
1783554073082,1783554073082,1351748277749,0,0,269085,0,0,0,0,0,0,0
1783554079440,1783554079440,1351748277749,0,0,269086,0,0,0,0,0,0,0
1783554085746,1783554085746,1351748277749,0,0,269087,0,0,0,0,0,0,0
1783554092105,1783554092105,1351748277749,0,0,269088,0,0,0,0,0,0,0
1783554098490,1783554098490,1351748277749,0,0,269089,0,0,0,0,0,0,0
1783554104877,1783554104877,1351748277749,0,0,269090,0,0,0,0,0,0,0
1783554111192,1783554111192,1351748277749,0,0,269091,0,0,0,0,0,0,0
1783554117531,1783554117531,1351748277749,0,0,269092,0,0,0,0,0,0,0
1783554123845,1783554123845,1351748277749,0,0,269093,0,0,0,0,0,0,0
1783554130190,1783554130190,1351748277749,0,0,269094,0,0,0,0,0,0,0
1783554136556,1783554136556,1351748277749,0,0,269095,0,0,0,0,0,0,0
1783554142901,1783554142901,1351748277749,0,0,269096,0,0,0,0,0,0,0
1783554149248,1783554149248,1351748277749,0,0,269097,0,0,0,0,0,0,0
1783554155588,1783554155588,1351748277749,0,0,269098,0,0,0,0,0,0,0
1783554161922,1783554161922,1351748277749,0,0,269099,0,0,0,0,0,0,0
1783554168286,1783554168286,1351748277749,0,0,269100,0,0,0,0,0,0,0
1783554174677,1783554174677,1351748277749,0,0,269101,0,0,0,0,0,0,0
1783554181054,1783554181054,1351748277749,0,0,269102,0,0,0,0,0,0,0
1783554187461,1783554187461,1351748277749,0,0,269103,0,0,0,0,0,0,0
1783554193834,1783554193834,1351748277749,0,0,269104,0,0,0,0,0,0,0
1783554200202,1783554200202,1351748277749,0,0,269105,0,0,0,0,0,0,0
1783554206519,1783554206519,1351748277749,0,0,269106,0,0,0,0,0,0,0
1783554212894,1783554212894,1351748277749,0,0,269107,0,0,0,0,0,0,0
1783554219236,1783554219236,1351748277749,0,0,269108,0,0,0,0,0,0,0
1783554225984,1783554225984,1351748277749,0,0,269109,0,0,0,0,0,0,0
1783554232301,1783554232301,1351748277749,0,0,269110,0,0,0,0,0,0,0
1783554238665,1783554238665,1351748277749,0,0,269111,0,0,0,0,0,0,0
1783554245043,1783554245043,1351748277749,0,0,269112,0,0,0,0,0,0,0
1783554251393,1783554251393,1351748277749,0,0,269113,0,0,0,0,0,0,0
1783554257706,1783554257706,1351748277749,0,0,269114,0,0,0,0,0,0,0
1783554264044,1783554264044,1351748277749,0,0,269115,0,0,0,0,0,0,0
1783554270439,1783554270439,1351748277749,0,0,269116,0,0,0,0,0,0,0
1783554276785,1783554276785,1351748277749,0,0,269117,0,0,0,0,0,0,0
1783554283125,1783554283125,1351748277749,0,0,269118,0,0,0,0,0,0,0
1783554289525,1783554289525,1351748277749,0,0,269119,0,0,0,0,0,0,0
1783554295885,1783554295885,1351748277749,0,0,269120,0,0,0,0,0,0,0
1783554302238,1783554302238,1351748277749,0,0,269121,0,0,0,0,0,0,0
1783554308586,1783554308586,1351748277749,0,0,269122,0,0,0,0,0,0,0
1783554314959,1783554314959,1351748277749,0,0,269123,0,0,0,0,0,0,0
1783554321341,1783554321341,1351748277749,0,0,269124,0,0,0,0,0,0,0
1783554327665,1783554327665,1351748277749,0,0,269125,0,0,0,0,0,0,0
1783554334056,1783554334056,1351748277749,0,0,269126,0,0,0,0,0,0,0
1783554340402,1783554340402,1351748277749,0,0,269127,0,0,0,0,0,0,0
1783554346771,1783554346771,1351748277749,0,0,269128,0,0,0,0,0,0,0
1783554353156,1783554353156,1351748277749,0,0,269129,0,0,0,0,0,0,0
1783554359557,1783554359557,1351748277749,0,0,269130,0,0,0,0,0,0,0
1783554365942,1783554365942,1351748277749,0,0,269131,0,0,0,0,0,0,0
1783554372288,1783554372288,1351748277749,0,0,269132,0,0,0,0,0,0,0
1783554379674,1783554379674,1351748277749,0,0,269133,0,0,0,0,0,0,0
1783554386034,1783554386034,1351748277749,0,0,269134,0,0,0,0,0,0,0
1783554392391,1783554392391,1351748277749,0,0,269135,0,0,0,0,0,0,0
1783554398713,1783554398713,1351748277749,0,0,269136,0,0,0,0,0,0,0
1783554405066,1783554405066,1351748277749,0,0,269137,0,0,0,0,0,0,0
1783554411461,1783554411461,1351748277749,0,0,269138,0,0,0,0,0,0,0
1783554417796,1783554417796,1351748277749,0,0,269139,0,0,0,0,0,0,0
1783554424240,1783554424240,1351748277749,0,0,269140,0,0,0,0,0,0,0
1783554430658,1783554430658,1351748277749,0,0,269141,0,0,0,0,0,0,0
1783554436993,1783554436992,1351748277749,0,0,269142,0,0,0,0,0,0,0
1783554443373,1783554443373,1351748277749,0,0,269143,0,0,0,0,0,0,0
1783554449690,1783554449690,1351748277749,0,0,269144,0,0,0,0,0,0,0
1783554456132,1783554456132,1351748277749,0,0,269145,0,0,0,0,0,0,0
1783554462533,1783554462533,1351748277749,0,0,269146,0,0,0,0,0,0,0
1783554468976,1783554468976,1351748277749,0,0,269147,0,0,0,0,0,0,0
1783554475318,1783554475318,1351748277749,0,0,269148,0,0,0,0,0,0,0
1783554481721,1783554481721,1351748277749,0,0,269149,0,0,0,0,0,0,0
1783554488103,1783554488103,1351748277749,0,0,269150,0,0,0,0,0,0,0
1783554494480,1783554494480,1351748277749,0,0,269151,0,0,0,0,0,0,0
1783554501012,1783554501012,1351748277749,0,0,269152,0,0,0,0,0,0,0
1783554507339,1783554507339,1351748277749,0,0,269153,0,0,0,0,0,0,0
1783554513738,1783554513738,1351748277749,0,0,269154,0,0,0,0,0,0,0
1783554520101,1783554520101,1351748277749,0,0,269155,0,0,0,0,0,0,0
1783554526500,1783554526500,1351748277749,0,0,269156,0,0,0,0,0,0,0
1783554532871,1783554532871,1351748277749,0,0,269157,0,0,0,0,0,0,0
1783554539282,1783554539282,1351748277749,0,0,269158,0,0,0,0,0,0,0
1783554545646,1783554545646,1351748277749,0,0,269159,0,0,0,0,0,0,0
1783554552038,1783554552038,1351748277749,0,0,269160,0,0,0,0,0,0,0
1783554558373,1783554558373,1351748277749,0,0,269161,0,0,0,0,0,0,0
1783554564730,1783554564730,1351748277749,0,0,269162,0,0,0,0,0,0,0
1783555453178,1783555453177,1351748277749,0,0,269163,0,0,0,0,0,0,0
1783555455240,1783555455240,1351748277749,0,0,269164,0,0,0,0,0,0,0
1783555457301,1783555457301,1351748277749,0,0,269165,0,0,0,0,0,0,0
1783555459396,1783555459396,1351748277749,0,0,269166,0,0,0,0,0,0,0
1783555461495,1783555461495,1351748277749,0,0,269167,0,0,0,0,0,0,0
1783555463558,1783555463558,1351748277749,0,0,269168,0,0,0,0,0,0,0
1783555465624,1783555465624,1351748277749,0,0,269169,0,0,0,0,0,0,0
1783555467716,1783555467716,1351748277749,0,0,269170,0,0,0,0,0,0,0
1783555469776,1783555469776,1351748277749,0,0,269171,0,0,0,0,0,0,0
1783555471836,1783555471835,1351748277749,0,0,269172,0,0,0,0,0,0,0
1783555473931,1783555473931,1351748277749,0,0,269173,0,0,0,0,0,0,0
1783555476032,1783555476032,1351748277749,0,0,269174,0,0,0,0,0,0,0
1783555478136,1783555478136,1351748277749,0,0,269175,0,0,0,0,0,0,0
1783555480227,1783555480227,1351748277749,0,0,269176,0,0,0,0,0,0,0
1783555482291,1783555482291,1351748277749,0,0,269177,0,0,0,0,0,0,0
1783555484385,1783555484385,1351748277749,0,0,269178,0,0,0,0,0,0,0
1783555486515,1783555486515,1351748277749,0,0,269179,0,0,0,0,0,0,0
1783555488693,1783555488693,1351748277749,0,0,269180,0,0,0,0,0,0,0
1783555490818,1783555490818,1351748277749,0,0,269181,0,0,0,0,0,0,0
1783555492963,1783555492963,1351748277749,0,0,269182,0,0,0,0,0,0,0
1783555495070,1783555495070,1351748277749,0,0,269183,0,0,0,0,0,0,0
1783555497193,1783555497193,1351748277749,0,0,269184,0,0,0,0,0,0,0
1783555499350,1783555499350,1351748277749,0,0,269185,0,0,0,0,0,0,0
1783555501501,1783555501501,1351748277749,0,0,269186,0,0,0,0,0,0,0
1783555503655,1783555503655,1351748277749,0,0,269187,0,0,0,0,0,0,0
1783555505781,1783555505780,1351748277749,0,0,269188,0,0,0,0,0,0,0
1783555507936,1783555507936,1351748277749,0,0,269189,0,0,0,0,0,0,0
1783555510094,1783555510094,1351748277749,0,0,269190,0,0,0,0,0,0,0
1783555512149,1783555512149,1351748277749,0,0,269191,0,0,0,0,0,0,0
1783555514248,1783555514248,1351748277749,0,0,269192,0,0,0,0,0,0,0
1783555516332,1783555516332,1351748277749,0,0,269193,0,0,0,0,0,0,0
1783555518399,1783555518398,1351748277749,0,0,269194,0,0,0,0,0,0,0
1783555520479,1783555520479,1351748277749,0,0,269195,0,0,0,0,0,0,0
1783555522568,1783555522568,1351748277749,0,0,269196,0,0,0,0,0,0,0
1783555524661,1783555524661,1351748277749,0,0,269197,0,0,0,0,0,0,0
1783555526727,1783555526727,1351748277749,0,0,269198,0,0,0,0,0,0,0
1783555528827,1783555528827,1351748277749,0,0,269199,0,0,0,0,0,0,0
1783555530890,1783555530890,1351748277749,0,0,269200,0,0,0,0,0,0,0
1783555532968,1783555532968,1351748277749,0,0,269201,0,0,0,0,0,0,0
1783555535053,1783555535053,1351748277749,0,0,269202,0,0,0,0,0,0,0
1783555537120,1783555537120,1351748277749,0,0,269203,0,0,0,0,0,0,0
1783555539190,1783555539190,1351748277749,0,0,269204,0,0,0,0,0,0,0
1783555541284,1783555541284,1351748277749,0,0,269205,0,0,0,0,0,0,0
1783555543351,1783555543351,1351748277749,0,0,269206,0,0,0,0,0,0,0
1783555545430,1783555545430,1351748277749,0,0,269207,0,0,0,0,0,0,0
1783555547531,1783555547531,1351748277749,0,0,269208,0,0,0,0,0,0,0
1783555549619,1783555549619,1351748277749,0,0,269209,0,0,0,0,0,0,0
1783555551686,1783555551686,1351748277749,0,0,269210,0,0,0,0,0,0,0
1783555553781,1783555553781,1351748277749,0,0,269211,0,0,0,0,0,0,0
1783555555874,1783555555874,1351748277749,0,0,269212,0,0,0,0,0,0,0
1783555557989,1783555557989,1351748277749,0,0,269213,0,0,0,0,0,0,0
1783555560058,1783555560058,1351748277749,0,0,269214,0,0,0,0,0,0,0
1783555562120,1783555562120,1351748277749,0,0,269215,0,0,0,0,0,0,0
1783555564217,1783555564217,1351748277749,0,0,269216,0,0,0,0,0,0,0
1783555566297,1783555566297,1351748277749,0,0,269217,0,0,0,0,0,0,0
1783555568378,1783555568378,1351748277749,0,0,269218,0,0,0,0,0,0,0
1783555570454,1783555570454,1351748277749,0,0,269219,0,0,0,0,0,0,0
1783555572575,1783555572575,1351748277749,0,0,269220,0,0,0,0,0,0,0
1783555574655,1783555574655,1351748277749,0,0,269221,0,0,0,0,0,0,0
1783555576766,1783555576766,1351748277749,0,0,269222,0,0,0,0,0,0,0
1783555578833,1783555578833,1351748277749,0,0,269223,0,0,0,0,0,0,0
1783555580990,1783555580990,1351748277749,0,0,269224,0,0,0,0,0,0,0
1783555583176,1783555583176,1351748277749,0,0,269225,0,0,0,0,0,0,0
1783555585282,1783555585282,1351748277749,0,0,269226,0,0,0,0,0,0,0
1783555587417,1783555587417,1351748277749,0,0,269227,0,0,0,0,0,0,0
1783555589572,1783555589572,1351748277749,0,0,269228,0,0,0,0,0,0,0
1783555591731,1783555591731,1351748277749,0,0,269229,0,0,0,0,0,0,0
1783555593820,1783555593820,1351748277749,0,0,269230,0,0,0,0,0,0,0
1783555595916,1783555595916,1351748277749,0,0,269231,0,0,0,0,0,0,0
1783555598025,1783555598025,1351748277749,0,0,269232,0,0,0,0,0,0,0
1783555600177,1783555600177,1351748277749,0,0,269233,0,0,0,0,0,0,0
1783555602279,1783555602279,1351748277749,0,0,269234,0,0,0,0,0,0,0
1783555604362,1783555604362,1351748277749,0,0,269235,0,0,0,0,0,0,0
1783555606454,1783555606453,1351748277749,0,0,269236,0,0,0,0,0,0,0
1783555608545,1783555608545,1351748277749,0,0,269237,0,0,0,0,0,0,0
1783555610600,1783555610600,1351748277749,0,0,269238,0,0,0,0,0,0,0
1783555612693,1783555612693,1351748277749,0,0,269239,0,0,0,0,0,0,0
1783555614791,1783555614791,1351748277749,0,0,269240,0,0,0,0,0,0,0
1783555616857,1783555616857,1351748277749,0,0,269241,0,0,0,0,0,0,0
1783555618908,1783555618908,1351748277749,0,0,269242,0,0,0,0,0,0,0
1783555621010,1783555621010,1351748277749,0,0,269243,0,0,0,0,0,0,0
1783555623135,1783555623135,1351748277749,0,0,269244,0,0,0,0,0,0,0
1783555625324,1783555625324,1351748277749,0,0,269245,0,0,0,0,0,0,0
1783555627477,1783555627477,1351748277749,0,0,269246,0,0,0,0,0,0,0
1783555629637,1783555629637,1351748277749,0,0,269247,0,0,0,0,0,0,0
1783555631764,1783555631764,1351748277749,0,0,269248,0,0,0,0,0,0,0
1783555633905,1783555633905,1351748277749,0,0,269249,0,0,0,0,0,0,0
1783555636089,1783555636089,1351748277749,0,0,269250,0,0,0,0,0,0,0
1783555638230,1783555638230,1351748277749,0,0,269251,0,0,0,0,0,0,0
1783555640370,1783555640370,1351748277749,0,0,269252,0,0,0,0,0,0,0
1783555642452,1783555642452,1351748277749,0,0,269253,0,0,0,0,0,0,0
1783555644542,1783555644542,1351748277749,0,0,269254,0,0,0,0,0,0,0
1783555646627,1783555646627,1351748277749,0,0,269255,0,0,0,0,0,0,0
1783555648706,1783555648706,1351748277749,0,0,269256,0,0,0,0,0,0,0
1783555650771,1783555650771,1351748277749,0,0,269257,0,0,0,0,0,0,0
1783555652863,1783555652863,1351748277749,0,0,269258,0,0,0,0,0,0,0
1783555654927,1783555654927,1351748277749,0,0,269259,0,0,0,0,0,0,0
1783555656992,1783555656991,1351748277749,0,0,269260,0,0,0,0,0,0,0
1783555659060,1783555659059,1351748277749,0,0,269261,0,0,0,0,0,0,0
1783555661143,1783555661143,1351748277749,0,0,269262,0,0,0,0,0,0,0
1783555663228,1783555663228,1351748277749,0,0,269263,0,0,0,0,0,0,0
1783555665320,1783555665320,1351748277749,0,0,269264,0,0,0,0,0,0,0
1783555667417,1783555667417,1351748277749,0,0,269265,0,0,0,0,0,0,0
1783555669479,1783555669479,1351748277749,0,0,269266,0,0,0,0,0,0,0
1783555671875,1783555671875,1351748277749,0,0,269267,0,0,0,0,0,0,0
1783555674047,1783555674047,1351748277749,0,0,269268,0,0,0,0,0,0,0
1783555676196,1783555676196,1351748277749,0,0,269269,0,0,0,0,0,0,0
1783555678369,1783555678369,1351748277749,0,0,269270,0,0,0,0,0,0,0
1783555680513,1783555680513,1351748277749,0,0,269271,0,0,0,0,0,0,0
1783555682691,1783555682691,1351748277749,0,0,269272,0,0,0,0,0,0,0
1783555684844,1783555684844,1351748277749,0,0,269273,0,0,0,0,0,0,0
1783555687001,1783555687001,1351748277749,0,0,269274,0,0,0,0,0,0,0
1783555689074,1783555689074,1351748277749,0,0,269275,0,0,0,0,0,0,0
1783555691154,1783555691154,1351748277749,0,0,269276,0,0,0,0,0,0,0
1783555693226,1783555693226,1351748277749,0,0,269277,0,0,0,0,0,0,0
1783555695291,1783555695291,1351748277749,0,0,269278,0,0,0,0,0,0,0
1783555697384,1783555697384,1351748277749,0,0,269279,0,0,0,0,0,0,0
1783555699468,1783555699468,1351748277749,0,0,269280,0,0,0,0,0,0,0
1783555701566,1783555701566,1351748277749,0,0,269281,0,0,0,0,0,0,0
1783555703647,1783555703647,1351748277749,0,0,269282,0,0,0,0,0,0,0
1783555705723,1783555705723,1351748277749,0,0,269283,0,0,0,0,0,0,0
1783555707824,1783555707824,1351748277749,0,0,269284,0,0,0,0,0,0,0
1783555709975,1783555709975,1351748277749,0,0,269285,0,0,0,0,0,0,0
1783555712043,1783555712043,1351748277749,0,0,269286,0,0,0,0,0,0,0
1783555714133,1783555714133,1351748277749,0,0,269287,0,0,0,0,0,0,0
1783555716217,1783555716217,1351748277749,0,0,269288,0,0,0,0,0,0,0
1783555718309,1783555718309,1351748277749,0,0,269289,0,0,0,0,0,0,0
1783555720394,1783555720394,1351748277749,0,0,269290,0,0,0,0,0,0,0
1783555722488,1783555722488,1351748277749,0,0,269291,0,0,0,0,0,0,0
1783555724554,1783555724554,1351748277749,0,0,269292,0,0,0,0,0,0,0
1783555726641,1783555726641,1351748277749,0,0,269293,0,0,0,0,0,0,0
1783555728740,1783555728740,1351748277749,0,0,269294,0,0,0,0,0,0,0
1783555730921,1783555730921,1351748277749,0,0,269295,0,0,0,0,0,0,0
1783555733055,1783555733055,1351748277749,0,0,269296,0,0,0,0,0,0,0
1783555735494,1783555735494,1351748277749,0,0,269297,0,0,0,0,0,0,0
1783555737607,1783555737607,1351748277749,0,0,269298,0,0,0,0,0,0,0
1783555739740,1783555739740,1351748277749,0,0,269299,0,0,0,0,0,0,0
1783555741834,1783555741834,1351748277749,0,0,269300,0,0,0,0,0,0,0
1783555743925,1783555743925,1351748277749,0,0,269301,0,0,0,0,0,0,0
1783555746029,1783555746029,1351748277749,0,0,269302,0,0,0,0,0,0,0
1783555748112,1783555748112,1351748277749,0,0,269303,0,0,0,0,0,0,0
1783555750177,1783555750177,1351748277749,0,0,269304,0,0,0,0,0,0,0
1783555752263,1783555752263,1351748277749,0,0,269305,0,0,0,0,0,0,0
1783555754340,1783555754340,1351748277749,0,0,269306,0,0,0,0,0,0,0
1783555756424,1783555756424,1351748277749,0,0,269307,0,0,0,0,0,0,0
1783555758489,1783555758489,1351748277749,0,0,269308,0,0,0,0,0,0,0
1783555760586,1783555760586,1351748277749,0,0,269309,0,0,0,0,0,0,0
1783555762663,1783555762663,1351748277749,0,0,269310,0,0,0,0,0,0,0
1783555764760,1783555764760,1351748277749,0,0,269311,0,0,0,0,0,0,0
1783555766845,1783555766845,1351748277749,0,0,269312,0,0,0,0,0,0,0
1783555768948,1783555768948,1351748277749,0,0,269313,0,0,0,0,0,0,0
1783555771020,1783555771019,1351748277749,0,0,269314,0,0,0,0,0,0,0
1783555773103,1783555773103,1351748277749,0,0,269315,0,0,0,0,0,0,0
1783555775189,1783555775189,1351748277749,0,0,269316,0,0,0,0,0,0,0
1783555777274,1783555777274,1351748277749,0,0,269317,0,0,0,0,0,0,0
1783555779368,1783555779368,1351748277749,0,0,269318,0,0,0,0,0,0,0
1783555781446,1783555781446,1351748277749,0,0,269319,0,0,0,0,0,0,0
1783555783506,1783555783506,1351748277749,0,0,269320,0,0,0,0,0,0,0
1783555785562,1783555785562,1351748277749,0,0,269321,0,0,0,0,0,0,0
1783555787641,1783555787641,1351748277749,0,0,269322,0,0,0,0,0,0,0
1783555789743,1783555789743,1351748277749,0,0,269323,0,0,0,0,0,0,0
1783555791829,1783555791829,1351748277749,0,0,269324,0,0,0,0,0,0,0
1783555793915,1783555793915,1351748277749,0,0,269325,0,0,0,0,0,0,0
1783555796007,1783555796007,1351748277749,0,0,269326,0,0,0,0,0,0,0
1783555798090,1783555798090,1351748277749,0,0,269327,0,0,0,0,0,0,0
1783555800163,1783555800163,1351748277749,0,0,269328,0,0,0,0,0,0,0
1783555802241,1783555802241,1351748277749,0,0,269329,0,0,0,0,0,0,0
1783555804335,1783555804335,1351748277749,0,0,269330,0,0,0,0,0,0,0
1783555806428,1783555806428,1351748277749,0,0,269331,0,0,0,0,0,0,0
1783555808540,1783555808540,1351748277749,0,0,269332,0,0,0,0,0,0,0
1783555810648,1783555810648,1351748277749,0,0,269333,0,0,0,0,0,0,0
1783555812708,1783555812708,1351748277749,0,0,269334,0,0,0,0,0,0,0
1783555814788,1783555814788,1351748277749,0,0,269335,0,0,0,0,0,0,0
1783555816878,1783555816878,1351748277749,0,0,269336,0,0,0,0,0,0,0
1783555818956,1783555818956,1351748277749,0,0,269337,0,0,0,0,0,0,0
1783555821033,1783555821033,1351748277749,0,0,269338,0,0,0,0,0,0,0
1783555823121,1783555823121,1351748277749,0,0,269339,0,0,0,0,0,0,0
1783555825200,1783555825200,1351748277749,0,0,269340,0,0,0,0,0,0,0
1783555827273,1783555827273,1351748277749,0,0,269341,0,0,0,0,0,0,0
1783555829352,1783555829352,1351748277749,0,0,269342,0,0,0,0,0,0,0
1783555831490,1783555831490,1351748277749,0,0,269343,0,0,0,0,0,0,0
1783555833571,1783555833571,1351748277749,0,0,269344,0,0,0,0,0,0,0
1783555835650,1783555835650,1351748277749,0,0,269345,0,0,0,0,0,0,0
1783555837749,1783555837749,1351748277749,0,0,269346,0,0,0,0,0,0,0
1783555839846,1783555839846,1351748277749,0,0,269347,0,0,0,0,0,0,0
1783555841927,1783555841926,1351748277749,0,0,269348,0,0,0,0,0,0,0
1783555844021,1783555844021,1351748277749,0,0,269349,0,0,0,0,0,0,0
1783555846110,1783555846110,1351748277749,0,0,269350,0,0,0,0,0,0,0
1783555848201,1783555848201,1351748277749,0,0,269351,0,0,0,0,0,0,0
1783555850274,1783555850274,1351748277749,0,0,269352,0,0,0,0,0,0,0
1783555852362,1783555852362,1351748277749,0,0,269353,0,0,0,0,0,0,0
1783555854423,1783555854423,1351748277749,0,0,269354,0,0,0,0,0,0,0
1783555856496,1783555856496,1351748277749,0,0,269355,0,0,0,0,0,0,0
1783555858579,1783555858579,1351748277749,0,0,269356,0,0,0,0,0,0,0
1783555860666,1783555860666,1351748277749,0,0,269357,0,0,0,0,0,0,0
1783555862755,1783555862755,1351748277749,0,0,269358,0,0,0,0,0,0,0
1783555864815,1783555864815,1351748277749,0,0,269359,0,0,0,0,0,0,0
1783555866907,1783555866907,1351748277749,0,0,269360,0,0,0,0,0,0,0
1783555869004,1783555869004,1351748277749,0,0,269361,0,0,0,0,0,0,0
1783555871079,1783555871079,1351748277749,0,0,269362,0,0,0,0,0,0,0
1783555873157,1783555873157,1351748277749,0,0,269363,0,0,0,0,0,0,0
1783555875219,1783555875219,1351748277749,0,0,269364,0,0,0,0,0,0,0
1783555877311,1783555877311,1351748277749,0,0,269365,0,0,0,0,0,0,0
1783555879400,1783555879399,1351748277749,0,0,269366,0,0,0,0,0,0,0
1783555881469,1783555881469,1351748277749,0,0,269367,0,0,0,0,0,0,0
1783555883545,1783555883545,1351748277749,0,0,269368,0,0,0,0,0,0,0
1783555885619,1783555885619,1351748277749,0,0,269369,0,0,0,0,0,0,0
1783555887692,1783555887692,1351748277749,0,0,269370,0,0,0,0,0,0,0
1783555889777,1783555889777,1351748277749,0,0,269371,0,0,0,0,0,0,0
1783555891841,1783555891841,1351748277749,0,0,269372,0,0,0,0,0,0,0
1783555893917,1783555893917,1351748277749,0,0,269373,0,0,0,0,0,0,0
1783555895983,1783555895983,1351748277749,0,0,269374,0,0,0,0,0,0,0
1783555898042,1783555898042,1351748277749,0,0,269375,0,0,0,0,0,0,0
1783555900134,1783555900134,1351748277749,0,0,269376,0,0,0,0,0,0,0
1783555902226,1783555902226,1351748277749,0,0,269377,0,0,0,0,0,0,0
1783555904299,1783555904299,1351748277749,0,0,269378,0,0,0,0,0,0,0
1783555906376,1783555906376,1351748277749,0,0,269379,0,0,0,0,0,0,0
1783555908450,1783555908450,1351748277749,0,0,269380,0,0,0,0,0,0,0
1783555910524,1783555910524,1351748277749,0,0,269381,0,0,0,0,0,0,0
1783555912618,1783555912618,1351748277749,0,0,269382,0,0,0,0,0,0,0
1783555914716,1783555914716,1351748277749,0,0,269383,0,0,0,0,0,0,0
1783555916808,1783555916808,1351748277749,0,0,269384,0,0,0,0,0,0,0
1783555918901,1783555918901,1351748277749,0,0,269385,0,0,0,0,0,0,0
1783555920998,1783555920998,1351748277749,0,0,269386,0,0,0,0,0,0,0
1783555923094,1783555923094,1351748277749,0,0,269387,0,0,0,0,0,0,0
1783555925186,1783555925186,1351748277749,0,0,269388,0,0,0,0,0,0,0
1783555927254,1783555927254,1351748277749,0,0,269389,0,0,0,0,0,0,0
1783555929350,1783555929350,1351748277749,0,0,269390,0,0,0,0,0,0,0
1783555931441,1783555931441,1351748277749,0,0,269391,0,0,0,0,0,0,0
1783555933515,1783555933515,1351748277749,0,0,269392,0,0,0,0,0,0,0
1783555935594,1783555935594,1351748277749,0,0,269393,0,0,0,0,0,0,0
1783555937689,1783555937689,1351748277749,0,0,269394,0,0,0,0,0,0,0
1783555939781,1783555939781,1351748277749,0,0,269395,0,0,0,0,0,0,0
1783555941839,1783555941839,1351748277749,0,0,269396,0,0,0,0,0,0,0
1783555943932,1783555943931,1351748277749,0,0,269397,0,0,0,0,0,0,0
1783555946012,1783555946012,1351748277749,0,0,269398,0,0,0,0,0,0,0
1783555948080,1783555948080,1351748277749,0,0,269399,0,0,0,0,0,0,0
1783555950145,1783555950145,1351748277749,0,0,269400,0,0,0,0,0,0,0
1783555952212,1783555952212,1351748277749,0,0,269401,0,0,0,0,0,0,0
1783555954305,1783555954305,1351748277749,0,0,269402,0,0,0,0,0,0,0
1783555956397,1783555956397,1351748277749,0,0,269403,0,0,0,0,0,0,0
1783555958490,1783555958490,1351748277749,0,0,269404,0,0,0,0,0,0,0
1783555960556,1783555960556,1351748277749,0,0,269405,0,0,0,0,0,0,0
1783555962618,1783555962618,1351748277749,0,0,269406,0,0,0,0,0,0,0
1783555964725,1783555964725,1351748277749,0,0,269407,0,0,0,0,0,0,0
1783555966820,1783555966820,1351748277749,0,0,269408,0,0,0,0,0,0,0
1783555968897,1783555968896,1351748277749,0,0,269409,0,0,0,0,0,0,0
1783555970976,1783555970975,1351748277749,0,0,269410,0,0,0,0,0,0,0
1783555973048,1783555973048,1351748277749,0,0,269411,0,0,0,0,0,0,0
1783555975144,1783555975144,1351748277749,0,0,269412,0,0,0,0,0,0,0
1783555977230,1783555977230,1351748277749,0,0,269413,0,0,0,0,0,0,0
1783555979321,1783555979321,1351748277749,0,0,269414,0,0,0,0,0,0,0
1783555981388,1783555981388,1351748277749,0,0,269415,0,0,0,0,0,0,0
1783555983475,1783555983475,1351748277749,0,0,269416,0,0,0,0,0,0,0
1783555985561,1783555985561,1351748277749,0,0,269417,0,0,0,0,0,0,0
1783555987650,1783555987650,1351748277749,0,0,269418,0,0,0,0,0,0,0
1783555989719,1783555989719,1351748277749,0,0,269419,0,0,0,0,0,0,0
1783555991794,1783555991794,1351748277749,0,0,269420,0,0,0,0,0,0,0
1783555993878,1783555993878,1351748277749,0,0,269421,0,0,0,0,0,0,0
1783555995951,1783555995951,1351748277749,0,0,269422,0,0,0,0,0,0,0
1783555998049,1783555998049,1351748277749,0,0,269423,0,0,0,0,0,0,0
1783556000134,1783556000134,1351748277749,0,0,269424,0,0,0,0,0,0,0
1783556002191,1783556002191,1351748277749,0,0,269425,0,0,0,0,0,0,0
1783556004259,1783556004259,1351748277749,0,0,269426,0,0,0,0,0,0,0
1783556006334,1783556006334,1351748277749,0,0,269427,0,0,0,0,0,0,0
1783556008424,1783556008424,1351748277749,0,0,269428,0,0,0,0,0,0,0
1783556010499,1783556010499,1351748277749,0,0,269429,0,0,0,0,0,0,0
1783556012563,1783556012563,1351748277749,0,0,269430,0,0,0,0,0,0,0
1783556014645,1783556014645,1351748277749,0,0,269431,0,0,0,0,0,0,0
1783556016741,1783556016741,1351748277749,0,0,269432,0,0,0,0,0,0,0
1783556018834,1783556018834,1351748277749,0,0,269433,0,0,0,0,0,0,0
1783556020954,1783556020954,1351748277749,0,0,269434,0,0,0,0,0,0,0
1783556023040,1783556023040,1351748277749,0,0,269435,0,0,0,0,0,0,0
1783556025129,1783556025129,1351748277749,0,0,269436,0,0,0,0,0,0,0
1783556027215,1783556027215,1351748277749,0,0,269437,0,0,0,0,0,0,0
1783556029300,1783556029300,1351748277749,0,0,269438,0,0,0,0,0,0,0
1783556031386,1783556031386,1351748277749,0,0,269439,0,0,0,0,0,0,0
1783556033467,1783556033467,1351748277749,0,0,269440,0,0,0,0,0,0,0
1783556035550,1783556035550,1351748277749,0,0,269441,0,0,0,0,0,0,0
1783556037628,1783556037628,1351748277749,0,0,269442,0,0,0,0,0,0,0
1783556039714,1783556039714,1351748277749,0,0,269443,0,0,0,0,0,0,0
1783556041786,1783556041786,1351748277749,0,0,269444,0,0,0,0,0,0,0
1783556043859,1783556043859,1351748277749,0,0,269445,0,0,0,0,0,0,0
1783556045952,1783556045952,1351748277749,0,0,269446,0,0,0,0,0,0,0
1783556048025,1783556048025,1351748277749,0,0,269447,0,0,0,0,0,0,0
1783556050113,1783556050113,1351748277749,0,0,269448,0,0,0,0,0,0,0
1783556052185,1783556052185,1351748277749,0,0,269449,0,0,0,0,0,0,0
1783556054271,1783556054271,1351748277749,0,0,269450,0,0,0,0,0,0,0
1783556056341,1783556056341,1351748277749,0,0,269451,0,0,0,0,0,0,0
1783556058442,1783556058442,1351748277749,0,0,269452,0,0,0,0,0,0,0
1783556060511,1783556060511,1351748277749,0,0,269453,0,0,0,0,0,0,0
1783556062599,1783556062599,1351748277749,0,0,269454,0,0,0,0,0,0,0
1783556064676,1783556064676,1351748277749,0,0,269455,0,0,0,0,0,0,0
1783556066736,1783556066736,1351748277749,0,0,269456,0,0,0,0,0,0,0
1783556068838,1783556068838,1351748277749,0,0,269457,0,0,0,0,0,0,0
1783556070924,1783556070924,1351748277749,0,0,269458,0,0,0,0,0,0,0
1783556073019,1783556073019,1351748277749,0,0,269459,0,0,0,0,0,0,0
1783556075103,1783556075103,1351748277749,0,0,269460,0,0,0,0,0,0,0
1783556077186,1783556077186,1351748277749,0,0,269461,0,0,0,0,0,0,0
1783556079265,1783556079264,1351748277749,0,0,269462,0,0,0,0,0,0,0
1783556081342,1783556081342,1351748277749,0,0,269463,0,0,0,0,0,0,0
1783556083426,1783556083426,1351748277749,0,0,269464,0,0,0,0,0,0,0
1783556085507,1783556085507,1351748277749,0,0,269465,0,0,0,0,0,0,0
1783556087569,1783556087569,1351748277749,0,0,269466,0,0,0,0,0,0,0
1783556089656,1783556089656,1351748277749,0,0,269467,0,0,0,0,0,0,0
1783556091746,1783556091746,1351748277749,0,0,269468,0,0,0,0,0,0,0
1783556093808,1783556093808,1351748277749,0,0,269469,0,0,0,0,0,0,0
1783556095893,1783556095893,1351748277749,0,0,269470,0,0,0,0,0,0,0
1783556097962,1783556097962,1351748277749,0,0,269471,0,0,0,0,0,0,0
1783556100032,1783556100032,1351748277749,0,0,269472,0,0,0,0,0,0,0
1783556102111,1783556102111,1351748277749,0,0,269473,0,0,0,0,0,0,0
1783556104181,1783556104181,1351748277749,0,0,269474,0,0,0,0,0,0,0
1783556106280,1783556106280,1351748277749,0,0,269475,0,0,0,0,0,0,0
1783556108366,1783556108366,1351748277749,0,0,269476,0,0,0,0,0,0,0
1783556110432,1783556110432,1351748277749,0,0,269477,0,0,0,0,0,0,0
1783556112489,1783556112489,1351748277749,0,0,269478,0,0,0,0,0,0,0
1783556114581,1783556114581,1351748277749,0,0,269479,0,0,0,0,0,0,0
1783556116672,1783556116672,1351748277749,0,0,269480,0,0,0,0,0,0,0
1783556118766,1783556118766,1351748277749,0,0,269481,0,0,0,0,0,0,0
1783556120842,1783556120842,1351748277749,0,0,269482,0,0,0,0,0,0,0
1783556122935,1783556122935,1351748277749,0,0,269483,0,0,0,0,0,0,0
1783556125011,1783556125011,1351748277749,0,0,269484,0,0,0,0,0,0,0
1783556127074,1783556127074,1351748277749,0,0,269485,0,0,0,0,0,0,0
1783556129161,1783556129161,1351748277749,0,0,269486,0,0,0,0,0,0,0
1783556131242,1783556131242,1351748277749,0,0,269487,0,0,0,0,0,0,0
1783556133336,1783556133336,1351748277749,0,0,269488,0,0,0,0,0,0,0
1783556135425,1783556135425,1351748277749,0,0,269489,0,0,0,0,0,0,0
1783556137492,1783556137492,1351748277749,0,0,269490,0,0,0,0,0,0,0
1783556139574,1783556139574,1351748277749,0,0,269491,0,0,0,0,0,0,0
1783556141635,1783556141635,1351748277749,0,0,269492,0,0,0,0,0,0,0
1783556143722,1783556143722,1351748277749,0,0,269493,0,0,0,0,0,0,0
1783556145788,1783556145788,1351748277749,0,0,269494,0,0,0,0,0,0,0
1783556147855,1783556147855,1351748277749,0,0,269495,0,0,0,0,0,0,0
1783556149949,1783556149949,1351748277749,0,0,269496,0,0,0,0,0,0,0
1783556152047,1783556152047,1351748277749,0,0,269497,0,0,0,0,0,0,0
1783556154116,1783556154116,1351748277749,0,0,269498,0,0,0,0,0,0,0
1783556156199,1783556156199,1351748277749,0,0,269499,0,0,0,0,0,0,0
1783556158254,1783556158254,1351748277749,0,0,269500,0,0,0,0,0,0,0
1783556160349,1783556160348,1351748277749,0,0,269501,0,0,0,0,0,0,0
1783556162405,1783556162405,1351748277749,0,0,269502,0,0,0,0,0,0,0
1783556164497,1783556164497,1351748277749,0,0,269503,0,0,0,0,0,0,0
1783556166570,1783556166570,1351748277749,0,0,269504,0,0,0,0,0,0,0
1783556168628,1783556168628,1351748277749,0,0,269505,0,0,0,0,0,0,0
1783556170689,1783556170689,1351748277749,0,0,269506,0,0,0,0,0,0,0
1783556172750,1783556172750,1351748277749,0,0,269507,0,0,0,0,0,0,0
1783556174828,1783556174828,1351748277749,0,0,269508,0,0,0,0,0,0,0
1783556176892,1783556176892,1351748277749,0,0,269509,0,0,0,0,0,0,0
1783556178987,1783556178987,1351748277749,0,0,269510,0,0,0,0,0,0,0
1783556181074,1783556181074,1351748277749,0,0,269511,0,0,0,0,0,0,0
1783556183167,1783556183167,1351748277749,0,0,269512,0,0,0,0,0,0,0
1783556185234,1783556185234,1351748277749,0,0,269513,0,0,0,0,0,0,0
1783556187336,1783556187336,1351748277749,0,0,269514,0,0,0,0,0,0,0
1783556189399,1783556189399,1351748277749,0,0,269515,0,0,0,0,0,0,0
1783556191489,1783556191489,1351748277749,0,0,269516,0,0,0,0,0,0,0
1783556193591,1783556193591,1351748277749,0,0,269517,0,0,0,0,0,0,0
1783556195679,1783556195679,1351748277749,0,0,269518,0,0,0,0,0,0,0
1783556197768,1783556197768,1351748277749,0,0,269519,0,0,0,0,0,0,0
1783556199838,1783556199838,1351748277749,0,0,269520,0,0,0,0,0,0,0
1783556201935,1783556201935,1351748277749,0,0,269521,0,0,0,0,0,0,0
1783556204007,1783556204007,1351748277749,0,0,269522,0,0,0,0,0,0,0
1783556206085,1783556206085,1351748277749,0,0,269523,0,0,0,0,0,0,0
1783556208176,1783556208176,1351748277749,0,0,269524,0,0,0,0,0,0,0
1783556210265,1783556210265,1351748277749,0,0,269525,0,0,0,0,0,0,0
1783556212352,1783556212352,1351748277749,0,0,269526,0,0,0,0,0,0,0
1783556214449,1783556214449,1351748277749,0,0,269527,0,0,0,0,0,0,0
1783556216518,1783556216518,1351748277749,0,0,269528,0,0,0,0,0,0,0
1783556218608,1783556218608,1351748277749,0,0,269529,0,0,0,0,0,0,0
1783556220703,1783556220703,1351748277749,0,0,269530,0,0,0,0,0,0,0
1783556222766,1783556222766,1351748277749,0,0,269531,0,0,0,0,0,0,0
1783556224852,1783556224852,1351748277749,0,0,269532,0,0,0,0,0,0,0
1783556226935,1783556226935,1351748277749,0,0,269533,0,0,0,0,0,0,0
1783556229007,1783556229007,1351748277749,0,0,269534,0,0,0,0,0,0,0
1783556231095,1783556231095,1351748277749,0,0,269535,0,0,0,0,0,0,0
1783556233189,1783556233189,1351748277749,0,0,269536,0,0,0,0,0,0,0
1783556235281,1783556235281,1351748277749,0,0,269537,0,0,0,0,0,0,0
1783556237363,1783556237363,1351748277749,0,0,269538,0,0,0,0,0,0,0
1783556239444,1783556239444,1351748277749,0,0,269539,0,0,0,0,0,0,0
1783556241528,1783556241528,1351748277749,0,0,269540,0,0,0,0,0,0,0
1783556243615,1783556243615,1351748277749,0,0,269541,0,0,0,0,0,0,0
1783556245695,1783556245694,1351748277749,0,0,269542,0,0,0,0,0,0,0
1783556247759,1783556247758,1351748277749,0,0,269543,0,0,0,0,0,0,0
1783556249870,1783556249870,1351748277749,0,0,269544,0,0,0,0,0,0,0
1783556251951,1783556251951,1351748277749,0,0,269545,0,0,0,0,0,0,0
1783556254011,1783556254011,1351748277749,0,0,269546,0,0,0,0,0,0,0
1783556256108,1783556256108,1351748277749,0,0,269547,0,0,0,0,0,0,0
1783556258185,1783556258185,1351748277749,0,0,269548,0,0,0,0,0,0,0
1783556260278,1783556260278,1351748277749,0,0,269549,0,0,0,0,0,0,0
1783556262344,1783556262344,1351748277749,0,0,269550,0,0,0,0,0,0,0
1783556264426,1783556264426,1351748277749,0,0,269551,0,0,0,0,0,0,0
1783556266488,1783556266488,1351748277749,0,0,269552,0,0,0,0,0,0,0
1783556268554,1783556268554,1351748277749,0,0,269553,0,0,0,0,0,0,0
1783556270614,1783556270614,1351748277749,0,0,269554,0,0,0,0,0,0,0
1783556272709,1783556272708,1351748277749,0,0,269555,0,0,0,0,0,0,0
1783556274786,1783556274786,1351748277749,0,0,269556,0,0,0,0,0,0,0
1783556276870,1783556276870,1351748277749,0,0,269557,0,0,0,0,0,0,0
1783556278946,1783556278945,1351748277749,0,0,269558,0,0,0,0,0,0,0
1783556281037,1783556281037,1351748277749,0,0,269559,0,0,0,0,0,0,0
1783556283111,1783556283111,1351748277749,0,0,269560,0,0,0,0,0,0,0
1783556285177,1783556285177,1351748277749,0,0,269561,0,0,0,0,0,0,0
1783556287278,1783556287278,1351748277749,0,0,269562,0,0,0,0,0,0,0
1783556289363,1783556289363,1351748277749,0,0,269563,0,0,0,0,0,0,0
1783556291451,1783556291451,1351748277749,0,0,269564,0,0,0,0,0,0,0
1783556293524,1783556293524,1351748277749,0,0,269565,0,0,0,0,0,0,0
1783556295606,1783556295606,1351748277749,0,0,269566,0,0,0,0,0,0,0
1783556297707,1783556297707,1351748277749,0,0,269567,0,0,0,0,0,0,0
1783556299800,1783556299800,1351748277749,0,0,269568,0,0,0,0,0,0,0
1783556301894,1783556301894,1351748277749,0,0,269569,0,0,0,0,0,0,0
1783556303986,1783556303986,1351748277749,0,0,269570,0,0,0,0,0,0,0
1783556306077,1783556306077,1351748277749,0,0,269571,0,0,0,0,0,0,0
1783556308141,1783556308141,1351748277749,0,0,269572,0,0,0,0,0,0,0
1783556310206,1783556310205,1351748277749,0,0,269573,0,0,0,0,0,0,0
1783556312296,1783556312296,1351748277749,0,0,269574,0,0,0,0,0,0,0
1783556314388,1783556314388,1351748277749,0,0,269575,0,0,0,0,0,0,0
1783556316444,1783556316444,1351748277749,0,0,269576,0,0,0,0,0,0,0
1783556318523,1783556318523,1351748277749,0,0,269577,0,0,0,0,0,0,0
1783556320586,1783556320586,1351748277749,0,0,269578,0,0,0,0,0,0,0
1783556322671,1783556322671,1351748277749,0,0,269579,0,0,0,0,0,0,0
1783556324748,1783556324748,1351748277749,0,0,269580,0,0,0,0,0,0,0
1783556326845,1783556326845,1351748277749,0,0,269581,0,0,0,0,0,0,0
1783556328925,1783556328925,1351748277749,0,0,269582,0,0,0,0,0,0,0
1783556331000,1783556330999,1351748277749,0,0,269583,0,0,0,0,0,0,0
1783556333089,1783556333089,1351748277749,0,0,269584,0,0,0,0,0,0,0
1783556335148,1783556335148,1351748277749,0,0,269585,0,0,0,0,0,0,0
1783556337230,1783556337230,1351748277749,0,0,269586,0,0,0,0,0,0,0
1783556339307,1783556339306,1351748277749,0,0,269587,0,0,0,0,0,0,0
1783556341369,1783556341369,1351748277749,0,0,269588,0,0,0,0,0,0,0
1783556343444,1783556343444,1351748277749,0,0,269589,0,0,0,0,0,0,0
1783556345516,1783556345516,1351748277749,0,0,269590,0,0,0,0,0,0,0
1783556347596,1783556347596,1351748277749,0,0,269591,0,0,0,0,0,0,0
1783556349683,1783556349683,1351748277749,0,0,269592,0,0,0,0,0,0,0
1783556351757,1783556351757,1351748277749,0,0,269593,0,0,0,0,0,0,0
1783556353849,1783556353849,1351748277749,0,0,269594,0,0,0,0,0,0,0
1783556355940,1783556355940,1351748277749,0,0,269595,0,0,0,0,0,0,0
1783556358027,1783556358027,1351748277749,0,0,269596,0,0,0,0,0,0,0
1783556360091,1783556360091,1351748277749,0,0,269597,0,0,0,0,0,0,0
1783556362176,1783556362176,1351748277749,0,0,269598,0,0,0,0,0,0,0
1783556364256,1783556364256,1351748277749,0,0,269599,0,0,0,0,0,0,0
1783556366343,1783556366343,1351748277749,0,0,269600,0,0,0,0,0,0,0
1783556368411,1783556368411,1351748277749,0,0,269601,0,0,0,0,0,0,0
1783556370504,1783556370504,1351748277749,0,0,269602,0,0,0,0,0,0,0
1783556372595,1783556372595,1351748277749,0,0,269603,0,0,0,0,0,0,0
1783556374690,1783556374690,1351748277749,0,0,269604,0,0,0,0,0,0,0
1783556376785,1783556376785,1351748277749,0,0,269605,0,0,0,0,0,0,0
1783556378880,1783556378880,1351748277749,0,0,269606,0,0,0,0,0,0,0
1783556380965,1783556380965,1351748277749,0,0,269607,0,0,0,0,0,0,0
1783556383036,1783556383036,1351748277749,0,0,269608,0,0,0,0,0,0,0
1783556385125,1783556385125,1351748277749,0,0,269609,0,0,0,0,0,0,0
1783556387194,1783556387194,1351748277749,0,0,269610,0,0,0,0,0,0,0
1783556389286,1783556389285,1351748277749,0,0,269611,0,0,0,0,0,0,0
1783556391356,1783556391356,1351748277749,0,0,269612,0,0,0,0,0,0,0
1783556393445,1783556393445,1351748277749,0,0,269613,0,0,0,0,0,0,0
1783556395506,1783556395506,1351748277749,0,0,269614,0,0,0,0,0,0,0
1783556397600,1783556397600,1351748277749,0,0,269615,0,0,0,0,0,0,0
1783556399693,1783556399693,1351748277749,0,0,269616,0,0,0,0,0,0,0
1783556401774,1783556401774,1351748277749,0,0,269617,0,0,0,0,0,0,0
1783556403836,1783556403836,1351748277749,0,0,269618,0,0,0,0,0,0,0
1783556405904,1783556405904,1351748277749,0,0,269619,0,0,0,0,0,0,0
1783556407974,1783556407974,1351748277749,0,0,269620,0,0,0,0,0,0,0
1783556410034,1783556410034,1351748277749,0,0,269621,0,0,0,0,0,0,0
1783556412127,1783556412127,1351748277749,0,0,269622,0,0,0,0,0,0,0
1783556414195,1783556414195,1351748277749,0,0,269623,0,0,0,0,0,0,0
1783556416286,1783556416286,1351748277749,0,0,269624,0,0,0,0,0,0,0
1783556418375,1783556418375,1351748277749,0,0,269625,0,0,0,0,0,0,0
1783556420470,1783556420470,1351748277749,0,0,269626,0,0,0,0,0,0,0
1783556422569,1783556422569,1351748277749,0,0,269627,0,0,0,0,0,0,0
1783556424648,1783556424648,1351748277749,0,0,269628,0,0,0,0,0,0,0
1783556426738,1783556426738,1351748277749,0,0,269629,0,0,0,0,0,0,0
1783556428829,1783556428829,1351748277749,0,0,269630,0,0,0,0,0,0,0
1783556430924,1783556430924,1351748277749,0,0,269631,0,0,0,0,0,0,0
1783556433018,1783556433018,1351748277749,0,0,269632,0,0,0,0,0,0,0
1783556435110,1783556435110,1351748277749,0,0,269633,0,0,0,0,0,0,0
1783556437205,1783556437205,1351748277749,0,0,269634,0,0,0,0,0,0,0
1783556439284,1783556439284,1351748277749,0,0,269635,0,0,0,0,0,0,0
1783556441348,1783556441348,1351748277749,0,0,269636,0,0,0,0,0,0,0
1783556443410,1783556443410,1351748277749,0,0,269637,0,0,0,0,0,0,0
1783556445474,1783556445474,1351748277749,0,0,269638,0,0,0,0,0,0,0
1783556447554,1783556447554,1351748277749,0,0,269639,0,0,0,0,0,0,0
1783556449639,1783556449639,1351748277749,0,0,269640,0,0,0,0,0,0,0
1783556451722,1783556451722,1351748277749,0,0,269641,0,0,0,0,0,0,0
1783556453811,1783556453811,1351748277749,0,0,269642,0,0,0,0,0,0,0
1783556455895,1783556455895,1351748277749,0,0,269643,0,0,0,0,0,0,0
1783556457987,1783556457987,1351748277749,0,0,269644,0,0,0,0,0,0,0
1783556460043,1783556460043,1351748277749,0,0,269645,0,0,0,0,0,0,0
1783556462131,1783556462131,1351748277749,0,0,269646,0,0,0,0,0,0,0
1783556464205,1783556464205,1351748277749,0,0,269647,0,0,0,0,0,0,0
1783556466257,1783556466257,1351748277749,0,0,269648,0,0,0,0,0,0,0
1783556468319,1783556468319,1351748277749,0,0,269649,0,0,0,0,0,0,0
1783556470418,1783556470418,1351748277749,0,0,269650,0,0,0,0,0,0,0
1783556472495,1783556472495,1351748277749,0,0,269651,0,0,0,0,0,0,0
1783556474591,1783556474591,1351748277749,0,0,269652,0,0,0,0,0,0,0
1783556476690,1783556476690,1351748277749,0,0,269653,0,0,0,0,0,0,0
1783556478775,1783556478775,1351748277749,0,0,269654,0,0,0,0,0,0,0
1783556480869,1783556480869,1351748277749,0,0,269655,0,0,0,0,0,0,0
1783556482949,1783556482949,1351748277749,0,0,269656,0,0,0,0,0,0,0
1783556485016,1783556485016,1351748277749,0,0,269657,0,0,0,0,0,0,0
1783556487097,1783556487096,1351748277749,0,0,269658,0,0,0,0,0,0,0
1783556489186,1783556489186,1351748277749,0,0,269659,0,0,0,0,0,0,0
1783556491264,1783556491264,1351748277749,0,0,269660,0,0,0,0,0,0,0
1783556493361,1783556493361,1351748277749,0,0,269661,0,0,0,0,0,0,0
1783556495445,1783556495445,1351748277749,0,0,269662,0,0,0,0,0,0,0
1783556497545,1783556497545,1351748277749,0,0,269663,0,0,0,0,0,0,0
1783556499623,1783556499623,1351748277749,0,0,269664,0,0,0,0,0,0,0
1783556501721,1783556501721,1351748277749,0,0,269665,0,0,0,0,0,0,0
1783556503803,1783556503803,1351748277749,0,0,269666,0,0,0,0,0,0,0
1783556505900,1783556505900,1351748277749,0,0,269667,0,0,0,0,0,0,0
1783556507971,1783556507971,1351748277749,0,0,269668,0,0,0,0,0,0,0
1783556510088,1783556510088,1351748277749,0,0,269669,0,0,0,0,0,0,0
1783556512159,1783556512159,1351748277749,0,0,269670,0,0,0,0,0,0,0
1783556514229,1783556514229,1351748277749,0,0,269671,0,0,0,0,0,0,0
1783556516323,1783556516323,1351748277749,0,0,269672,0,0,0,0,0,0,0
1783556518396,1783556518396,1351748277749,0,0,269673,0,0,0,0,0,0,0
1783556520479,1783556520479,1351748277749,0,0,269674,0,0,0,0,0,0,0
1783556522567,1783556522567,1351748277749,0,0,269675,0,0,0,0,0,0,0
1783556524661,1783556524661,1351748277749,0,0,269676,0,0,0,0,0,0,0
1783556526736,1783556526736,1351748277749,0,0,269677,0,0,0,0,0,0,0
1783556528818,1783556528818,1351748277749,0,0,269678,0,0,0,0,0,0,0
1783556530911,1783556530911,1351748277749,0,0,269679,0,0,0,0,0,0,0
1783556532978,1783556532978,1351748277749,0,0,269680,0,0,0,0,0,0,0
1783556535072,1783556535072,1351748277749,0,0,269681,0,0,0,0,0,0,0
1783556537167,1783556537167,1351748277749,0,0,269682,0,0,0,0,0,0,0
1783556539259,1783556539259,1351748277749,0,0,269683,0,0,0,0,0,0,0
1783556541327,1783556541327,1351748277749,0,0,269684,0,0,0,0,0,0,0
1783556543415,1783556543415,1351748277749,0,0,269685,0,0,0,0,0,0,0
1783556545512,1783556545512,1351748277749,0,0,269686,0,0,0,0,0,0,0
1783556547616,1783556547616,1351748277749,0,0,269687,0,0,0,0,0,0,0
1783556549705,1783556549705,1351748277749,0,0,269688,0,0,0,0,0,0,0
1783556551786,1783556551786,1351748277749,0,0,269689,0,0,0,0,0,0,0
1783556553861,1783556553861,1351748277749,0,0,269690,0,0,0,0,0,0,0
1783556555945,1783556555945,1351748277749,0,0,269691,0,0,0,0,0,0,0
1783556558045,1783556558045,1351748277749,0,0,269692,0,0,0,0,0,0,0
1783556560132,1783556560132,1351748277749,0,0,269693,0,0,0,0,0,0,0
1783556562231,1783556562230,1351748277749,0,0,269694,0,0,0,0,0,0,0
1783556564319,1783556564319,1351748277749,0,0,269695,0,0,0,0,0,0,0
1783556566400,1783556566400,1351748277749,0,0,269696,0,0,0,0,0,0,0
1783556568473,1783556568473,1351748277749,0,0,269697,0,0,0,0,0,0,0
1783556570552,1783556570552,1351748277749,0,0,269698,0,0,0,0,0,0,0
1783556572624,1783556572624,1351748277749,0,0,269699,0,0,0,0,0,0,0
1783556574699,1783556574699,1351748277749,0,0,269700,0,0,0,0,0,0,0
1783556576785,1783556576785,1351748277749,0,0,269701,0,0,0,0,0,0,0
1783556578862,1783556578862,1351748277749,0,0,269702,0,0,0,0,0,0,0
1783556580961,1783556580961,1351748277749,0,0,269703,0,0,0,0,0,0,0
1783556583087,1783556583087,1351748277749,0,0,269704,0,0,0,0,0,0,0
1783556585186,1783556585186,1351748277749,0,0,269705,0,0,0,0,0,0,0
1783556587247,1783556587247,1351748277749,0,0,269706,0,0,0,0,0,0,0
1783556589343,1783556589343,1351748277749,0,0,269707,0,0,0,0,0,0,0
1783556591431,1783556591431,1351748277749,0,0,269708,0,0,0,0,0,0,0
1783556593495,1783556593495,1351748277749,0,0,269709,0,0,0,0,0,0,0
1783556595595,1783556595595,1351748277749,0,0,269710,0,0,0,0,0,0,0
1783556597682,1783556597682,1351748277749,0,0,269711,0,0,0,0,0,0,0
1783556599777,1783556599777,1351748277749,0,0,269712,0,0,0,0,0,0,0
1783556601867,1783556601867,1351748277749,0,0,269713,0,0,0,0,0,0,0
1783556603945,1783556603944,1351748277749,0,0,269714,0,0,0,0,0,0,0
1783556606027,1783556606027,1351748277749,0,0,269715,0,0,0,0,0,0,0
1783556608102,1783556608102,1351748277749,0,0,269716,0,0,0,0,0,0,0
1783556610177,1783556610177,1351748277749,0,0,269717,0,0,0,0,0,0,0
1783556612269,1783556612269,1351748277749,0,0,269718,0,0,0,0,0,0,0
1783556614345,1783556614345,1351748277749,0,0,269719,0,0,0,0,0,0,0
1783556616437,1783556616437,1351748277749,0,0,269720,0,0,0,0,0,0,0
1783556618520,1783556618520,1351748277749,0,0,269721,0,0,0,0,0,0,0
1783556620616,1783556620616,1351748277749,0,0,269722,0,0,0,0,0,0,0
1783556622680,1783556622680,1351748277749,0,0,269723,0,0,0,0,0,0,0
1783556624769,1783556624769,1351748277749,0,0,269724,0,0,0,0,0,0,0
1783556626839,1783556626839,1351748277749,0,0,269725,0,0,0,0,0,0,0
1783556628904,1783556628904,1351748277749,0,0,269726,0,0,0,0,0,0,0
1783556630991,1783556630991,1351748277749,0,0,269727,0,0,0,0,0,0,0
1783556633088,1783556633088,1351748277749,0,0,269728,0,0,0,0,0,0,0
1783556635188,1783556635188,1351748277749,0,0,269729,0,0,0,0,0,0,0
1783556637273,1783556637273,1351748277749,0,0,269730,0,0,0,0,0,0,0
1783556639373,1783556639373,1351748277749,0,0,269731,0,0,0,0,0,0,0
1783556641461,1783556641461,1351748277749,0,0,269732,0,0,0,0,0,0,0
1783556643520,1783556643520,1351748277749,0,0,269733,0,0,0,0,0,0,0
1783556645614,1783556645614,1351748277749,0,0,269734,0,0,0,0,0,0,0
1783556647720,1783556647720,1351748277749,0,0,269735,0,0,0,0,0,0,0
1783556649801,1783556649801,1351748277749,0,0,269736,0,0,0,0,0,0,0
1783556651863,1783556651863,1351748277749,0,0,269737,0,0,0,0,0,0,0
1783556653928,1783556653928,1351748277749,0,0,269738,0,0,0,0,0,0,0
1783556656025,1783556656025,1351748277749,0,0,269739,0,0,0,0,0,0,0
1783556658147,1783556658147,1351748277749,0,0,269740,0,0,0,0,0,0,0
1783556660214,1783556660213,1351748277749,0,0,269741,0,0,0,0,0,0,0
1783556662292,1783556662292,1351748277749,0,0,269742,0,0,0,0,0,0,0
1783556664364,1783556664364,1351748277749,0,0,269743,0,0,0,0,0,0,0
1783556666425,1783556666425,1351748277749,0,0,269744,0,0,0,0,0,0,0
1783556668495,1783556668495,1351748277749,0,0,269745,0,0,0,0,0,0,0
1783556670592,1783556670592,1351748277749,0,0,269746,0,0,0,0,0,0,0
1783556672688,1783556672688,1351748277749,0,0,269747,0,0,0,0,0,0,0
1783556674767,1783556674767,1351748277749,0,0,269748,0,0,0,0,0,0,0
1783556676843,1783556676843,1351748277749,0,0,269749,0,0,0,0,0,0,0
1783556678927,1783556678927,1351748277749,0,0,269750,0,0,0,0,0,0,0
1783556681020,1783556681020,1351748277749,0,0,269751,0,0,0,0,0,0,0
1783556683101,1783556683101,1351748277749,0,0,269752,0,0,0,0,0,0,0
1783556685168,1783556685168,1351748277749,0,0,269753,0,0,0,0,0,0,0
1783556687265,1783556687265,1351748277749,0,0,269754,0,0,0,0,0,0,0
1783556689361,1783556689361,1351748277749,0,0,269755,0,0,0,0,0,0,0
1783556691440,1783556691440,1351748277749,0,0,269756,0,0,0,0,0,0,0
1783556693534,1783556693534,1351748277749,0,0,269757,0,0,0,0,0,0,0
1783556695614,1783556695614,1351748277749,0,0,269758,0,0,0,0,0,0,0
1783556697714,1783556697714,1351748277749,0,0,269759,0,0,0,0,0,0,0
1783556699801,1783556699801,1351748277749,0,0,269760,0,0,0,0,0,0,0
1783556701878,1783556701878,1351748277749,0,0,269761,0,0,0,0,0,0,0
1783556703971,1783556703971,1351748277749,0,0,269762,0,0,0,0,0,0,0
1783556706037,1783556706037,1351748277749,0,0,269763,0,0,0,0,0,0,0
1783556708108,1783556708107,1351748277749,0,0,269764,0,0,0,0,0,0,0
1783556710186,1783556710186,1351748277749,0,0,269765,0,0,0,0,0,0,0
1783556712263,1783556712263,1351748277749,0,0,269766,0,0,0,0,0,0,0
1783556714350,1783556714349,1351748277749,0,0,269767,0,0,0,0,0,0,0
1783556716411,1783556716411,1351748277749,0,0,269768,0,0,0,0,0,0,0
1783556718518,1783556718518,1351748277749,0,0,269769,0,0,0,0,0,0,0
1783556720615,1783556720615,1351748277749,0,0,269770,0,0,0,0,0,0,0
1783556722709,1783556722709,1351748277749,0,0,269771,0,0,0,0,0,0,0
1783556724789,1783556724789,1351748277749,0,0,269772,0,0,0,0,0,0,0
1783556726877,1783556726877,1351748277749,0,0,269773,0,0,0,0,0,0,0
1783556728959,1783556728959,1351748277749,0,0,269774,0,0,0,0,0,0,0
1783556731032,1783556731032,1351748277749,0,0,269775,0,0,0,0,0,0,0
1783556733110,1783556733110,1351748277749,0,0,269776,0,0,0,0,0,0,0
1783556735186,1783556735185,1351748277749,0,0,269777,0,0,0,0,0,0,0
1783556737284,1783556737284,1351748277749,0,0,269778,0,0,0,0,0,0,0
1783556739381,1783556739381,1351748277749,0,0,269779,0,0,0,0,0,0,0
1783556741472,1783556741472,1351748277749,0,0,269780,0,0,0,0,0,0,0
1783556743555,1783556743554,1351748277749,0,0,269781,0,0,0,0,0,0,0
1783556745646,1783556745646,1351748277749,0,0,269782,0,0,0,0,0,0,0
1783556747742,1783556747742,1351748277749,0,0,269783,0,0,0,0,0,0,0
1783556749802,1783556749802,1351748277749,0,0,269784,0,0,0,0,0,0,0
1783556751872,1783556751872,1351748277749,0,0,269785,0,0,0,0,0,0,0
1783556753964,1783556753964,1351748277749,0,0,269786,0,0,0,0,0,0,0
1783556756061,1783556756061,1351748277749,0,0,269787,0,0,0,0,0,0,0
1783556758154,1783556758154,1351748277749,0,0,269788,0,0,0,0,0,0,0
1783556760237,1783556760237,1351748277749,0,0,269789,0,0,0,0,0,0,0
1783556762329,1783556762329,1351748277749,0,0,269790,0,0,0,0,0,0,0
1783556764423,1783556764423,1351748277749,0,0,269791,0,0,0,0,0,0,0
1783556766492,1783556766492,1351748277749,0,0,269792,0,0,0,0,0,0,0
1783556768584,1783556768584,1351748277749,0,0,269793,0,0,0,0,0,0,0
1783556770675,1783556770675,1351748277749,0,0,269794,0,0,0,0,0,0,0
1783556772746,1783556772746,1351748277749,0,0,269795,0,0,0,0,0,0,0
1783556774810,1783556774810,1351748277749,0,0,269796,0,0,0,0,0,0,0
1783556776899,1783556776899,1351748277749,0,0,269797,0,0,0,0,0,0,0
1783556778984,1783556778984,1351748277749,0,0,269798,0,0,0,0,0,0,0
1783556781062,1783556781062,1351748277749,0,0,269799,0,0,0,0,0,0,0
1783556783148,1783556783148,1351748277749,0,0,269800,0,0,0,0,0,0,0
1783556785214,1783556785214,1351748277749,0,0,269801,0,0,0,0,0,0,0
1783556787311,1783556787311,1351748277749,0,0,269802,0,0,0,0,0,0,0
1783556789392,1783556789392,1351748277749,0,0,269803,0,0,0,0,0,0,0
1783556791465,1783556791465,1351748277749,0,0,269804,0,0,0,0,0,0,0
1783556793550,1783556793550,1351748277749,0,0,269805,0,0,0,0,0,0,0
1783556795648,1783556795648,1351748277749,0,0,269806,0,0,0,0,0,0,0
1783556797744,1783556797743,1351748277749,0,0,269807,0,0,0,0,0,0,0
1783556799836,1783556799836,1351748277749,0,0,269808,0,0,0,0,0,0,0
1783556801902,1783556801902,1351748277749,0,0,269809,0,0,0,0,0,0,0
1783556803961,1783556803961,1351748277749,0,0,269810,0,0,0,0,0,0,0
1783556806061,1783556806061,1351748277749,0,0,269811,0,0,0,0,0,0,0
1783556808149,1783556808149,1351748277749,0,0,269812,0,0,0,0,0,0,0
1783556810215,1783556810215,1351748277749,0,0,269813,0,0,0,0,0,0,0
1783556812304,1783556812303,1351748277749,0,0,269814,0,0,0,0,0,0,0
1783556814414,1783556814414,1351748277749,0,0,269815,0,0,0,0,0,0,0
1783556816510,1783556816510,1351748277749,0,0,269816,0,0,0,0,0,0,0
1783556818594,1783556818594,1351748277749,0,0,269817,0,0,0,0,0,0,0
1783556820672,1783556820672,1351748277749,0,0,269818,0,0,0,0,0,0,0
1783556822745,1783556822745,1351748277749,0,0,269819,0,0,0,0,0,0,0
1783556824834,1783556824833,1351748277749,0,0,269820,0,0,0,0,0,0,0
1783556826898,1783556826898,1351748277749,0,0,269821,0,0,0,0,0,0,0
1783556828967,1783556828967,1351748277749,0,0,269822,0,0,0,0,0,0,0
1783556831032,1783556831032,1351748277749,0,0,269823,0,0,0,0,0,0,0
1783556833098,1783556833098,1351748277749,0,0,269824,0,0,0,0,0,0,0
1783556835164,1783556835164,1351748277749,0,0,269825,0,0,0,0,0,0,0
1783556837248,1783556837248,1351748277749,0,0,269826,0,0,0,0,0,0,0
1783556839342,1783556839342,1351748277749,0,0,269827,0,0,0,0,0,0,0
1783556841397,1783556841397,1351748277749,0,0,269828,0,0,0,0,0,0,0
1783556843491,1783556843491,1351748277749,0,0,269829,0,0,0,0,0,0,0
1783556845574,1783556845574,1351748277749,0,0,269830,0,0,0,0,0,0,0
1783556847669,1783556847669,1351748277749,0,0,269831,0,0,0,0,0,0,0
1783556849758,1783556849758,1351748277749,0,0,269832,0,0,0,0,0,0,0
1783556851838,1783556851838,1351748277749,0,0,269833,0,0,0,0,0,0,0
1783556853901,1783556853901,1351748277749,0,0,269834,0,0,0,0,0,0,0
1783556855965,1783556855965,1351748277749,0,0,269835,0,0,0,0,0,0,0
1783556858039,1783556858039,1351748277749,0,0,269836,0,0,0,0,0,0,0
1783556860124,1783556860124,1351748277749,0,0,269837,0,0,0,0,0,0,0
1783556862197,1783556862196,1351748277749,0,0,269838,0,0,0,0,0,0,0
1783556864293,1783556864293,1351748277749,0,0,269839,0,0,0,0,0,0,0
1783556866369,1783556866369,1351748277749,0,0,269840,0,0,0,0,0,0,0
1783556868455,1783556868455,1351748277749,0,0,269841,0,0,0,0,0,0,0
1783556870535,1783556870535,1351748277749,0,0,269842,0,0,0,0,0,0,0
1783556872598,1783556872598,1351748277749,0,0,269843,0,0,0,0,0,0,0
1783556874692,1783556874692,1351748277749,0,0,269844,0,0,0,0,0,0,0
1783556876785,1783556876785,1351748277749,0,0,269845,0,0,0,0,0,0,0
1783556878870,1783556878869,1351748277749,0,0,269846,0,0,0,0,0,0,0
1783556880964,1783556880964,1351748277749,0,0,269847,0,0,0,0,0,0,0
1783556883073,1783556883073,1351748277749,0,0,269848,0,0,0,0,0,0,0
1783556885156,1783556885156,1351748277749,0,0,269849,0,0,0,0,0,0,0
1783556887218,1783556887218,1351748277749,0,0,269850,0,0,0,0,0,0,0
1783556889312,1783556889312,1351748277749,0,0,269851,0,0,0,0,0,0,0
1783556891409,1783556891409,1351748277749,0,0,269852,0,0,0,0,0,0,0
1783556893504,1783556893504,1351748277749,0,0,269853,0,0,0,0,0,0,0
1783556895565,1783556895565,1351748277749,0,0,269854,0,0,0,0,0,0,0
1783556897649,1783556897649,1351748277749,0,0,269855,0,0,0,0,0,0,0
1783556899734,1783556899734,1351748277749,0,0,269856,0,0,0,0,0,0,0
1783556901811,1783556901811,1351748277749,0,0,269857,0,0,0,0,0,0,0
1783556903882,1783556903882,1351748277749,0,0,269858,0,0,0,0,0,0,0
1783556905953,1783556905953,1351748277749,0,0,269859,0,0,0,0,0,0,0
1783556908039,1783556908039,1351748277749,0,0,269860,0,0,0,0,0,0,0
1783556910118,1783556910118,1351748277749,0,0,269861,0,0,0,0,0,0,0
1783556912211,1783556912211,1351748277749,0,0,269862,0,0,0,0,0,0,0
1783556914298,1783556914298,1351748277749,0,0,269863,0,0,0,0,0,0,0
1783556916357,1783556916357,1351748277749,0,0,269864,0,0,0,0,0,0,0
1783556918434,1783556918434,1351748277749,0,0,269865,0,0,0,0,0,0,0
1783556920525,1783556920525,1351748277749,0,0,269866,0,0,0,0,0,0,0
1783556922615,1783556922615,1351748277749,0,0,269867,0,0,0,0,0,0,0
1783556924711,1783556924711,1351748277749,0,0,269868,0,0,0,0,0,0,0
1783556926802,1783556926802,1351748277749,0,0,269869,0,0,0,0,0,0,0
1783556928873,1783556928873,1351748277749,0,0,269870,0,0,0,0,0,0,0
1783556930939,1783556930939,1351748277749,0,0,269871,0,0,0,0,0,0,0
1783556933002,1783556933002,1351748277749,0,0,269872,0,0,0,0,0,0,0
1783556935099,1783556935099,1351748277749,0,0,269873,0,0,0,0,0,0,0
1783556937184,1783556937184,1351748277749,0,0,269874,0,0,0,0,0,0,0
1783556939265,1783556939265,1351748277749,0,0,269875,0,0,0,0,0,0,0
1783556941373,1783556941373,1351748277749,0,0,269876,0,0,0,0,0,0,0
1783556943461,1783556943461,1351748277749,0,0,269877,0,0,0,0,0,0,0
1783556945547,1783556945547,1351748277749,0,0,269878,0,0,0,0,0,0,0
1783556947636,1783556947636,1351748277749,0,0,269879,0,0,0,0,0,0,0
1783556949729,1783556949729,1351748277749,0,0,269880,0,0,0,0,0,0,0
1783556951828,1783556951828,1351748277749,0,0,269881,0,0,0,0,0,0,0
1783556953924,1783556953924,1351748277749,0,0,269882,0,0,0,0,0,0,0
1783556956018,1783556956018,1351748277749,0,0,269883,0,0,0,0,0,0,0
1783556958086,1783556958086,1351748277749,0,0,269884,0,0,0,0,0,0,0
1783556960177,1783556960177,1351748277749,0,0,269885,0,0,0,0,0,0,0
1783556962262,1783556962262,1351748277749,0,0,269886,0,0,0,0,0,0,0
1783556964355,1783556964355,1351748277749,0,0,269887,0,0,0,0,0,0,0
1783556966450,1783556966450,1351748277749,0,0,269888,0,0,0,0,0,0,0
1783556968547,1783556968547,1351748277749,0,0,269889,0,0,0,0,0,0,0
1783556970639,1783556970639,1351748277749,0,0,269890,0,0,0,0,0,0,0
1783556972732,1783556972732,1351748277749,0,0,269891,0,0,0,0,0,0,0
1783556974829,1783556974829,1351748277749,0,0,269892,0,0,0,0,0,0,0
1783556976933,1783556976932,1351748277749,0,0,269893,0,0,0,0,0,0,0
1783556979015,1783556979015,1351748277749,0,0,269894,0,0,0,0,0,0,0
1783556981108,1783556981108,1351748277749,0,0,269895,0,0,0,0,0,0,0
1783556983173,1783556983173,1351748277749,0,0,269896,0,0,0,0,0,0,0
1783556985268,1783556985268,1351748277749,0,0,269897,0,0,0,0,0,0,0
1783556987333,1783556987333,1351748277749,0,0,269898,0,0,0,0,0,0,0
1783556989424,1783556989424,1351748277749,0,0,269899,0,0,0,0,0,0,0
1783556991502,1783556991502,1351748277749,0,0,269900,0,0,0,0,0,0,0
1783556993589,1783556993589,1351748277749,0,0,269901,0,0,0,0,0,0,0
1783556995687,1783556995687,1351748277749,0,0,269902,0,0,0,0,0,0,0
1783556997750,1783556997750,1351748277749,0,0,269903,0,0,0,0,0,0,0
1783556999819,1783556999819,1351748277749,0,0,269904,0,0,0,0,0,0,0
1783557001907,1783557001907,1351748277749,0,0,269905,0,0,0,0,0,0,0
1783557004000,1783557004000,1351748277749,0,0,269906,0,0,0,0,0,0,0
1783557006071,1783557006071,1351748277749,0,0,269907,0,0,0,0,0,0,0
1783557008169,1783557008169,1351748277749,0,0,269908,0,0,0,0,0,0,0
1783557010236,1783557010236,1351748277749,0,0,269909,0,0,0,0,0,0,0
1783557012324,1783557012324,1351748277749,0,0,269910,0,0,0,0,0,0,0
1783557014415,1783557014415,1351748277749,0,0,269911,0,0,0,0,0,0,0
1783557016498,1783557016498,1351748277749,0,0,269912,0,0,0,0,0,0,0
1783557018587,1783557018587,1351748277749,0,0,269913,0,0,0,0,0,0,0
1783557020657,1783557020657,1351748277749,0,0,269914,0,0,0,0,0,0,0
1783557022754,1783557022754,1351748277749,0,0,269915,0,0,0,0,0,0,0
1783557024841,1783557024841,1351748277749,0,0,269916,0,0,0,0,0,0,0
1783557026916,1783557026916,1351748277749,0,0,269917,0,0,0,0,0,0,0
1783557028999,1783557028999,1351748277749,0,0,269918,0,0,0,0,0,0,0
1783557031096,1783557031096,1351748277749,0,0,269919,0,0,0,0,0,0,0
1783557033183,1783557033183,1351748277749,0,0,269920,0,0,0,0,0,0,0
1783557035284,1783557035284,1351748277749,0,0,269921,0,0,0,0,0,0,0
1783557037346,1783557037346,1351748277749,0,0,269922,0,0,0,0,0,0,0
1783557039437,1783557039437,1351748277749,0,0,269923,0,0,0,0,0,0,0
1783557041528,1783557041528,1351748277749,0,0,269924,0,0,0,0,0,0,0
1783557043617,1783557043617,1351748277749,0,0,269925,0,0,0,0,0,0,0
1783557045681,1783557045681,1351748277749,0,0,269926,0,0,0,0,0,0,0
1783557047766,1783557047766,1351748277749,0,0,269927,0,0,0,0,0,0,0
1783557049854,1783557049854,1351748277749,0,0,269928,0,0,0,0,0,0,0
1783557051933,1783557051933,1351748277749,0,0,269929,0,0,0,0,0,0,0
1783557054000,1783557054000,1351748277749,0,0,269930,0,0,0,0,0,0,0
1783557056064,1783557056064,1351748277749,0,0,269931,0,0,0,0,0,0,0
1783557058145,1783557058145,1351748277749,0,0,269932,0,0,0,0,0,0,0
1783557060232,1783557060232,1351748277749,0,0,269933,0,0,0,0,0,0,0
1783557062302,1783557062302,1351748277749,0,0,269934,0,0,0,0,0,0,0
1783557064385,1783557064385,1351748277749,0,0,269935,0,0,0,0,0,0,0
1783557066459,1783557066459,1351748277749,0,0,269936,0,0,0,0,0,0,0
1783557068548,1783557068548,1351748277749,0,0,269937,0,0,0,0,0,0,0
1783557070614,1783557070614,1351748277749,0,0,269938,0,0,0,0,0,0,0
1783557072697,1783557072697,1351748277749,0,0,269939,0,0,0,0,0,0,0
1783557074764,1783557074764,1351748277749,0,0,269940,0,0,0,0,0,0,0
1783557076859,1783557076859,1351748277749,0,0,269941,0,0,0,0,0,0,0
1783557078921,1783557078920,1351748277749,0,0,269942,0,0,0,0,0,0,0
1783557081015,1783557081014,1351748277749,0,0,269943,0,0,0,0,0,0,0
1783557083108,1783557083108,1351748277749,0,0,269944,0,0,0,0,0,0,0
1783557085200,1783557085200,1351748277749,0,0,269945,0,0,0,0,0,0,0
1783557087250,1783557087250,1351748277749,0,0,269946,0,0,0,0,0,0,0
1783557089333,1783557089333,1351748277749,0,0,269947,0,0,0,0,0,0,0
1783557091425,1783557091425,1351748277749,0,0,269948,0,0,0,0,0,0,0
1783557093488,1783557093488,1351748277749,0,0,269949,0,0,0,0,0,0,0
1783557095583,1783557095582,1351748277749,0,0,269950,0,0,0,0,0,0,0
1783557097672,1783557097671,1351748277749,0,0,269951,0,0,0,0,0,0,0
1783557099728,1783557099728,1351748277749,0,0,269952,0,0,0,0,0,0,0
1783557101822,1783557101822,1351748277749,0,0,269953,0,0,0,0,0,0,0
1783557103897,1783557103897,1351748277749,0,0,269954,0,0,0,0,0,0,0
1783557105976,1783557105976,1351748277749,0,0,269955,0,0,0,0,0,0,0
1783557108072,1783557108072,1351748277749,0,0,269956,0,0,0,0,0,0,0
1783557110149,1783557110149,1351748277749,0,0,269957,0,0,0,0,0,0,0
1783557112228,1783557112228,1351748277749,0,0,269958,0,0,0,0,0,0,0
1783557114306,1783557114305,1351748277749,0,0,269959,0,0,0,0,0,0,0
1783557116396,1783557116396,1351748277749,0,0,269960,0,0,0,0,0,0,0
1783557118477,1783557118477,1351748277749,0,0,269961,0,0,0,0,0,0,0
1783557120543,1783557120543,1351748277749,0,0,269962,0,0,0,0,0,0,0
1783557122622,1783557122622,1351748277749,0,0,269963,0,0,0,0,0,0,0
1783557124698,1783557124698,1351748277749,0,0,269964,0,0,0,0,0,0,0
1783557126769,1783557126769,1351748277749,0,0,269965,0,0,0,0,0,0,0
1783557128832,1783557128832,1351748277749,0,0,269966,0,0,0,0,0,0,0
1783557130913,1783557130913,1351748277749,0,0,269967,0,0,0,0,0,0,0
1783557132987,1783557132987,1351748277749,0,0,269968,0,0,0,0,0,0,0
1783557135080,1783557135080,1351748277749,0,0,269969,0,0,0,0,0,0,0
1783557137144,1783557137144,1351748277749,0,0,269970,0,0,0,0,0,0,0
1783557139234,1783557139234,1351748277749,0,0,269971,0,0,0,0,0,0,0
1783557141324,1783557141324,1351748277749,0,0,269972,0,0,0,0,0,0,0
1783557143416,1783557143416,1351748277749,0,0,269973,0,0,0,0,0,0,0
1783557145479,1783557145479,1351748277749,0,0,269974,0,0,0,0,0,0,0
1783557147552,1783557147552,1351748277749,0,0,269975,0,0,0,0,0,0,0
1783557149642,1783557149641,1351748277749,0,0,269976,0,0,0,0,0,0,0
1783557151729,1783557151729,1351748277749,0,0,269977,0,0,0,0,0,0,0
1783557153793,1783557153793,1351748277749,0,0,269978,0,0,0,0,0,0,0
1783557155849,1783557155849,1351748277749,0,0,269979,0,0,0,0,0,0,0
1783557157943,1783557157943,1351748277749,0,0,269980,0,0,0,0,0,0,0
1783557160026,1783557160026,1351748277749,0,0,269981,0,0,0,0,0,0,0
1783557162119,1783557162119,1351748277749,0,0,269982,0,0,0,0,0,0,0
1783557164187,1783557164187,1351748277749,0,0,269983,0,0,0,0,0,0,0
1783557166275,1783557166275,1351748277749,0,0,269984,0,0,0,0,0,0,0
1783557168348,1783557168348,1351748277749,0,0,269985,0,0,0,0,0,0,0
1783557170412,1783557170412,1351748277749,0,0,269986,0,0,0,0,0,0,0
1783557172503,1783557172503,1351748277749,0,0,269987,0,0,0,0,0,0,0
1783557174587,1783557174587,1351748277749,0,0,269988,0,0,0,0,0,0,0
1783557176681,1783557176681,1351748277749,0,0,269989,0,0,0,0,0,0,0
1783557178745,1783557178745,1351748277749,0,0,269990,0,0,0,0,0,0,0
1783557180837,1783557180837,1351748277749,0,0,269991,0,0,0,0,0,0,0
1783557182904,1783557182904,1351748277749,0,0,269992,0,0,0,0,0,0,0
1783557184997,1783557184997,1351748277749,0,0,269993,0,0,0,0,0,0,0
1783557187064,1783557187064,1351748277749,0,0,269994,0,0,0,0,0,0,0
1783557189151,1783557189151,1351748277749,0,0,269995,0,0,0,0,0,0,0
1783557191247,1783557191247,1351748277749,0,0,269996,0,0,0,0,0,0,0
1783557193310,1783557193310,1351748277749,0,0,269997,0,0,0,0,0,0,0
1783557195379,1783557195379,1351748277749,0,0,269998,0,0,0,0,0,0,0
1783557197467,1783557197467,1351748277749,0,0,269999,0,0,0,0,0,0,0
1783557199546,1783557199546,1351748277749,0,0,270000,0,0,0,0,0,0,0
1783557201631,1783557201631,1351748277749,0,0,270001,0,0,0,0,0,0,0
1783557203710,1783557203709,1351748277749,0,0,270002,0,0,0,0,0,0,0
1783557205772,1783557205772,1351748277749,0,0,270003,0,0,0,0,0,0,0
1783557207840,1783557207840,1351748277749,0,0,270004,0,0,0,0,0,0,0
1783557209909,1783557209909,1351748277749,0,0,270005,0,0,0,0,0,0,0
1783557212003,1783557212003,1351748277749,0,0,270006,0,0,0,0,0,0,0
1783557214094,1783557214094,1351748277749,0,0,270007,0,0,0,0,0,0,0
1783557216170,1783557216170,1351748277749,0,0,270008,0,0,0,0,0,0,0
1783557218265,1783557218264,1351748277749,0,0,270009,0,0,0,0,0,0,0
1783557220351,1783557220351,1351748277749,0,0,270010,0,0,0,0,0,0,0
1783557222409,1783557222409,1351748277749,0,0,270011,0,0,0,0,0,0,0
1783557224485,1783557224485,1351748277749,0,0,270012,0,0,0,0,0,0,0
1783557226560,1783557226560,1351748277749,0,0,270013,0,0,0,0,0,0,0
1783557228635,1783557228635,1351748277749,0,0,270014,0,0,0,0,0,0,0
1783557230697,1783557230697,1351748277749,0,0,270015,0,0,0,0,0,0,0
1783557232790,1783557232790,1351748277749,0,0,270016,0,0,0,0,0,0,0
1783557234857,1783557234857,1351748277749,0,0,270017,0,0,0,0,0,0,0
1783557236922,1783557236922,1351748277749,0,0,270018,0,0,0,0,0,0,0
1783557238991,1783557238991,1351748277749,0,0,270019,0,0,0,0,0,0,0
1783557241087,1783557241087,1351748277749,0,0,270020,0,0,0,0,0,0,0
1783557243158,1783557243158,1351748277749,0,0,270021,0,0,0,0,0,0,0
1783557245244,1783557245244,1351748277749,0,0,270022,0,0,0,0,0,0,0
1783557247309,1783557247309,1351748277749,0,0,270023,0,0,0,0,0,0,0
1783557249404,1783557249404,1351748277749,0,0,270024,0,0,0,0,0,0,0
1783557251496,1783557251496,1351748277749,0,0,270025,0,0,0,0,0,0,0
1783557253561,1783557253561,1351748277749,0,0,270026,0,0,0,0,0,0,0
1783557255635,1783557255635,1351748277749,0,0,270027,0,0,0,0,0,0,0
1783557257734,1783557257734,1351748277749,0,0,270028,0,0,0,0,0,0,0
1783557259790,1783557259790,1351748277749,0,0,270029,0,0,0,0,0,0,0
1783557261855,1783557261855,1351748277749,0,0,270030,0,0,0,0,0,0,0
1783557263944,1783557263943,1351748277749,0,0,270031,0,0,0,0,0,0,0
1783557266015,1783557266015,1351748277749,0,0,270032,0,0,0,0,0,0,0
1783557268096,1783557268095,1351748277749,0,0,270033,0,0,0,0,0,0,0
1783557270183,1783557270183,1351748277749,0,0,270034,0,0,0,0,0,0,0
1783557272245,1783557272245,1351748277749,0,0,270035,0,0,0,0,0,0,0
1783557274323,1783557274323,1351748277749,0,0,270036,0,0,0,0,0,0,0
1783557276399,1783557276399,1351748277749,0,0,270037,0,0,0,0,0,0,0
1783557278492,1783557278492,1351748277749,0,0,270038,0,0,0,0,0,0,0
1783557280561,1783557280561,1351748277749,0,0,270039,0,0,0,0,0,0,0
1783557282653,1783557282653,1351748277749,0,0,270040,0,0,0,0,0,0,0
1783557284732,1783557284732,1351748277749,0,0,270041,0,0,0,0,0,0,0
1783557286806,1783557286806,1351748277749,0,0,270042,0,0,0,0,0,0,0
1783557288884,1783557288884,1351748277749,0,0,270043,0,0,0,0,0,0,0
1783557290961,1783557290961,1351748277749,0,0,270044,0,0,0,0,0,0,0
1783557293053,1783557293053,1351748277749,0,0,270045,0,0,0,0,0,0,0
1783557295133,1783557295133,1351748277749,0,0,270046,0,0,0,0,0,0,0
1783557297215,1783557297215,1351748277749,0,0,270047,0,0,0,0,0,0,0
1783557299290,1783557299290,1351748277749,0,0,270048,0,0,0,0,0,0,0
1783557301361,1783557301361,1351748277749,0,0,270049,0,0,0,0,0,0,0
1783557303419,1783557303419,1351748277749,0,0,270050,0,0,0,0,0,0,0
1783557305502,1783557305502,1351748277749,0,0,270051,0,0,0,0,0,0,0
1783557307592,1783557307592,1351748277749,0,0,270052,0,0,0,0,0,0,0
1783557309674,1783557309674,1351748277749,0,0,270053,0,0,0,0,0,0,0
1783557311769,1783557311769,1351748277749,0,0,270054,0,0,0,0,0,0,0
1783557313846,1783557313845,1351748277749,0,0,270055,0,0,0,0,0,0,0
1783557315901,1783557315901,1351748277749,0,0,270056,0,0,0,0,0,0,0
1783557317997,1783557317997,1351748277749,0,0,270057,0,0,0,0,0,0,0
1783557320077,1783557320077,1351748277749,0,0,270058,0,0,0,0,0,0,0
1783557322172,1783557322172,1351748277749,0,0,270059,0,0,0,0,0,0,0
1783557324295,1783557324295,1351748277749,0,0,270060,0,0,0,0,0,0,0
1783557326393,1783557326393,1351748277749,0,0,270061,0,0,0,0,0,0,0
1783557328475,1783557328475,1351748277749,0,0,270062,0,0,0,0,0,0,0
1783557330572,1783557330572,1351748277749,0,0,270063,0,0,0,0,0,0,0
1783557332662,1783557332662,1351748277749,0,0,270064,0,0,0,0,0,0,0
1783557334721,1783557334721,1351748277749,0,0,270065,0,0,0,0,0,0,0
1783557336796,1783557336796,1351748277749,0,0,270066,0,0,0,0,0,0,0
1783557338903,1783557338903,1351748277749,0,0,270067,0,0,0,0,0,0,0
1783557340992,1783557340992,1351748277749,0,0,270068,0,0,0,0,0,0,0
1783557343064,1783557343064,1351748277749,0,0,270069,0,0,0,0,0,0,0
1783557345148,1783557345148,1351748277749,0,0,270070,0,0,0,0,0,0,0
1783557347221,1783557347221,1351748277749,0,0,270071,0,0,0,0,0,0,0
1783557349303,1783557349303,1351748277749,0,0,270072,0,0,0,0,0,0,0
1783557351372,1783557351372,1351748277749,0,0,270073,0,0,0,0,0,0,0
1783557353458,1783557353458,1351748277749,0,0,270074,0,0,0,0,0,0,0
1783557355523,1783557355523,1351748277749,0,0,270075,0,0,0,0,0,0,0
1783557357613,1783557357613,1351748277749,0,0,270076,0,0,0,0,0,0,0
1783557359685,1783557359685,1351748277749,0,0,270077,0,0,0,0,0,0,0
1783557361776,1783557361776,1351748277749,0,0,270078,0,0,0,0,0,0,0
1783557363843,1783557363843,1351748277749,0,0,270079,0,0,0,0,0,0,0
1783557365938,1783557365938,1351748277749,0,0,270080,0,0,0,0,0,0,0
1783557368021,1783557368021,1351748277749,0,0,270081,0,0,0,0,0,0,0
1783557370084,1783557370084,1351748277749,0,0,270082,0,0,0,0,0,0,0
1783557372164,1783557372164,1351748277749,0,0,270083,0,0,0,0,0,0,0
1783557374267,1783557374267,1351748277749,0,0,270084,0,0,0,0,0,0,0
1783557376338,1783557376338,1351748277749,0,0,270085,0,0,0,0,0,0,0
1783557378431,1783557378431,1351748277749,0,0,270086,0,0,0,0,0,0,0
1783557380519,1783557380519,1351748277749,0,0,270087,0,0,0,0,0,0,0
1783557382592,1783557382592,1351748277749,0,0,270088,0,0,0,0,0,0,0
1783557384669,1783557384669,1351748277749,0,0,270089,0,0,0,0,0,0,0
1783557386759,1783557386759,1351748277749,0,0,270090,0,0,0,0,0,0,0
1783557388836,1783557388836,1351748277749,0,0,270091,0,0,0,0,0,0,0
1783557390929,1783557390928,1351748277749,0,0,270092,0,0,0,0,0,0,0
1783557392993,1783557392993,1351748277749,0,0,270093,0,0,0,0,0,0,0
1783557395077,1783557395077,1351748277749,0,0,270094,0,0,0,0,0,0,0
1783557397151,1783557397151,1351748277749,0,0,270095,0,0,0,0,0,0,0
1783557399236,1783557399236,1351748277749,0,0,270096,0,0,0,0,0,0,0
1783557401322,1783557401322,1351748277749,0,0,270097,0,0,0,0,0,0,0
1783557403417,1783557403417,1351748277749,0,0,270098,0,0,0,0,0,0,0
1783557405515,1783557405515,1351748277749,0,0,270099,0,0,0,0,0,0,0
1783557407604,1783557407604,1351748277749,0,0,270100,0,0,0,0,0,0,0
1783557409668,1783557409668,1351748277749,0,0,270101,0,0,0,0,0,0,0
1783557411732,1783557411732,1351748277749,0,0,270102,0,0,0,0,0,0,0
1783557413806,1783557413806,1351748277749,0,0,270103,0,0,0,0,0,0,0
1783557415885,1783557415885,1351748277749,0,0,270104,0,0,0,0,0,0,0
1783557417976,1783557417976,1351748277749,0,0,270105,0,0,0,0,0,0,0
1783557426278,1783557426276,1642207253876,2,2,4879,2,2500,4,0,0,0,0
1783557428374,1783557428374,1642207253876,2,2,4883,6,2500,4,0,0,0,0
1783557430461,1783557430461,1642207253876,2,2,4878,1,2300,3,1,0,0,0
1783557432554,1783557432554,1642207253876,2,2,4878,1,2300,4,1,0,0,0
1783557434653,1783557434653,1642207253876,2,2,4891,14,2500,2,0,0,0,0
1783557436740,1783557436740,1642207253876,2,2,4878,1,2500,3,0,0,0,0
1783557438833,1783557438833,1642207253876,2,2,4878,1,2500,2,0,0,0,0
1783557440919,1783557440919,1642207253876,2,2,4878,1,2500,5,0,0,0,0
1783557443012,1783557443012,1642207253876,0,0,270114,0,0,0,0,0,0,0
1783557445074,1783557445074,1642207253876,0,0,270115,0,0,0,0,0,0,0
1783557447136,1783557447136,1642207253876,0,0,270116,0,0,0,0,0,0,0
1783557449195,1783557449195,1642207253876,0,0,270117,0,0,0,0,0,0,0
1783557451286,1783557451286,1642207253876,0,0,270118,0,0,0,0,0,0,0
1783557453380,1783557453380,1642207253876,0,0,270119,0,0,0,0,0,0,0
1783557455472,1783557455472,1642207253876,0,0,270120,0,0,0,0,0,0,0
1783557457552,1783557457552,1642207253876,0,0,270121,0,0,0,0,0,0,0
1783557459644,1783557459644,1642207253876,0,0,270122,0,0,0,0,0,0,0
1783557461736,1783557461735,1642207253876,0,0,270123,0,0,0,0,0,0,0
1783557463804,1783557463804,1642207253876,0,0,270124,0,0,0,0,0,0,0
1783557465902,1783557465902,1642207253876,0,0,270125,0,0,0,0,0,0,0
1783557467967,1783557467967,1642207253876,0,0,270126,0,0,0,0,0,0,0
1783557470059,1783557470059,1642207253876,0,0,270127,0,0,0,0,0,0,0
1783557472129,1783557472129,1642207253876,0,0,270128,0,0,0,0,0,0,0
1783557474224,1783557474224,1642207253876,0,0,270129,0,0,0,0,0,0,0
1783557476321,1783557476321,1642207253876,0,0,270130,0,0,0,0,0,0,0
1783557478411,1783557478411,1642207253876,0,0,270131,0,0,0,0,0,0,0
1783557480496,1783557480496,1642207253876,0,0,270132,0,0,0,0,0,0,0
1783557482606,1783557482606,1642207253876,0,0,270133,0,0,0,0,0,0,0
1783557484699,1783557484699,1642207253876,0,0,270134,0,0,0,0,0,0,0
1783557486784,1783557486784,1642207253876,0,0,270135,0,0,0,0,0,0,0
1783557488875,1783557488875,1642207253876,0,0,270136,0,0,0,0,0,0,0
1783557490968,1783557490967,1642207253876,0,0,270137,0,0,0,0,0,0,0
1783557493046,1783557493046,1642207253876,0,0,270138,0,0,0,0,0,0,0
1783557495125,1783557495125,1642207253876,0,0,270139,0,0,0,0,0,0,0
1783557497200,1783557497200,1642207253876,0,0,270140,0,0,0,0,0,0,0
1783557499280,1783557499280,1642207253876,0,0,270141,0,0,0,0,0,0,0
1783557501373,1783557501373,1642207253876,0,0,270142,0,0,0,0,0,0,0
1783557503468,1783557503468,1642207253876,0,0,270143,0,0,0,0,0,0,0
1783557505550,1783557505550,1642207253876,0,0,270144,0,0,0,0,0,0,0
1783557507633,1783557507633,1642207253876,0,0,270145,0,0,0,0,0,0,0
1783557509721,1783557509721,1642207253876,0,0,270146,0,0,0,0,0,0,0
1783557511788,1783557511788,1642207253876,0,0,270147,0,0,0,0,0,0,0
1783557513865,1783557513865,1642207253876,0,0,270148,0,0,0,0,0,0,0
1783557515956,1783557515956,1642207253876,0,0,270149,0,0,0,0,0,0,0
1783557518054,1783557518054,1642207253876,0,0,270150,0,0,0,0,0,0,0
1783557520147,1783557520146,1642207253876,0,0,270151,0,0,0,0,0,0,0
1783557522224,1783557522224,1642207253876,0,0,270152,0,0,0,0,0,0,0
1783557524326,1783557524326,1642207253876,0,0,270153,0,0,0,0,0,0,0
1783557526402,1783557526402,1642207253876,0,0,270154,0,0,0,0,0,0,0
1783557528495,1783557528495,1642207253876,0,0,270155,0,0,0,0,0,0,0
1783557530579,1783557530579,1642207253876,0,0,270156,0,0,0,0,0,0,0
1783557532664,1783557532664,1642207253876,0,0,270157,0,0,0,0,0,0,0
1783557534723,1783557534723,1642207253876,0,0,270158,0,0,0,0,0,0,0
1783557536816,1783557536816,1642207253876,0,0,270159,0,0,0,0,0,0,0
1783557538901,1783557538901,1642207253876,0,0,270160,0,0,0,0,0,0,0
1783557540982,1783557540982,1642207253876,0,0,270161,0,0,0,0,0,0,0
1783557543077,1783557543077,1642207253876,0,0,270162,0,0,0,0,0,0,0
1783557545141,1783557545141,1642207253876,0,0,270163,0,0,0,0,0,0,0
1783557547366,1783557547366,1642207253876,0,0,270164,0,0,0,0,0,0,0
1783557549442,1783557549442,1642207253876,0,0,270165,0,0,0,0,0,0,0
1783557551499,1783557551499,1642207253876,0,0,270166,0,0,0,0,0,0,0
1783557553600,1783557553600,1642207253876,0,0,270167,0,0,0,0,0,0,0
1783557555697,1783557555697,1642207253876,0,0,270168,0,0,0,0,0,0,0
1783557557751,1783557557751,1642207253876,0,0,270169,0,0,0,0,0,0,0
1783557559823,1783557559823,1642207253876,0,0,270170,0,0,0,0,0,0,0
1783557561919,1783557561919,1642207253876,0,0,270171,0,0,0,0,0,0,0
1783557564001,1783557564001,1642207253876,0,0,270172,0,0,0,0,0,0,0
1783557566078,1783557566078,1642207253876,0,0,270173,0,0,0,0,0,0,0
1783557568155,1783557568155,1642207253876,0,0,270174,0,0,0,0,0,0,0
1783557570240,1783557570240,1642207253876,0,0,270175,0,0,0,0,0,0,0
1783557572319,1783557572319,1642207253876,0,0,270176,0,0,0,0,0,0,0
1783557574413,1783557574413,1642207253876,0,0,270177,0,0,0,0,0,0,0
1783557576481,1783557576481,1642207253876,0,0,270178,0,0,0,0,0,0,0
1783557578572,1783557578572,1642207253876,0,0,270179,0,0,0,0,0,0,0
1783557580639,1783557580639,1642207253876,0,0,270180,0,0,0,0,0,0,0
1783557582738,1783557582738,1642207253876,0,0,270181,0,0,0,0,0,0,0
1783557584817,1783557584817,1642207253876,0,0,270182,0,0,0,0,0,0,0
1783557586905,1783557586905,1642207253876,0,0,270183,0,0,0,0,0,0,0
1783557588975,1783557588975,1642207253876,0,0,270184,0,0,0,0,0,0,0
1783557591066,1783557591066,1642207253876,0,0,270185,0,0,0,0,0,0,0
1783557593159,1783557593159,1642207253876,0,0,270186,0,0,0,0,0,0,0
1783557595222,1783557595222,1642207253876,0,0,270187,0,0,0,0,0,0,0
1783557597320,1783557597320,1642207253876,0,0,270188,0,0,0,0,0,0,0
1783557599383,1783557599383,1642207253876,0,0,270189,0,0,0,0,0,0,0
1783557601436,1783557601436,1642207253876,0,0,270190,0,0,0,0,0,0,0
1783557603508,1783557603508,1642207253876,0,0,270191,0,0,0,0,0,0,0
1783557605608,1783557605608,1642207253876,0,0,270192,0,0,0,0,0,0,0
1783557607686,1783557607686,1642207253876,0,0,270193,0,0,0,0,0,0,0
1783557609776,1783557609776,1642207253876,0,0,270194,0,0,0,0,0,0,0
1783557611836,1783557611836,1642207253876,0,0,270195,0,0,0,0,0,0,0
1783557613897,1783557613897,1642207253876,0,0,270196,0,0,0,0,0,0,0
1783557615984,1783557615984,1642207253876,0,0,270197,0,0,0,0,0,0,0
1783557618077,1783557618077,1642207253876,0,0,270198,0,0,0,0,0,0,0
1783557620143,1783557620142,1642207253876,0,0,270199,0,0,0,0,0,0,0
1783557622240,1783557622240,1642207253876,0,0,270200,0,0,0,0,0,0,0
1783557624324,1783557624324,1642207253876,0,0,270201,0,0,0,0,0,0,0
1783557626381,1783557626381,1642207253876,0,0,270202,0,0,0,0,0,0,0
1783557628479,1783557628479,1642207253876,0,0,270203,0,0,0,0,0,0,0
1783557630554,1783557630554,1642207253876,0,0,270204,0,0,0,0,0,0,0
1783557632652,1783557632652,1642207253876,0,0,270205,0,0,0,0,0,0,0
1783557634745,1783557634745,1642207253876,0,0,270206,0,0,0,0,0,0,0
1783557636820,1783557636820,1642207253876,0,0,270207,0,0,0,0,0,0,0
1783557638911,1783557638911,1642207253876,0,0,270208,0,0,0,0,0,0,0
1783557641008,1783557641007,1642207253876,0,0,270209,0,0,0,0,0,0,0
1783557643089,1783557643089,1642207253876,0,0,270210,0,0,0,0,0,0,0
1783557645180,1783557645180,1642207253876,0,0,270211,0,0,0,0,0,0,0
1783557647237,1783557647237,1642207253876,0,0,270212,0,0,0,0,0,0,0
1783557649295,1783557649295,1642207253876,0,0,270213,0,0,0,0,0,0,0
1783557651379,1783557651379,1642207253876,0,0,270214,0,0,0,0,0,0,0
1783557653462,1783557653462,1642207253876,0,0,270215,0,0,0,0,0,0,0
1783557655518,1783557655518,1642207253876,0,0,270216,0,0,0,0,0,0,0
1783557657583,1783557657583,1642207253876,0,0,270217,0,0,0,0,0,0,0
1783557659668,1783557659668,1642207253876,0,0,270218,0,0,0,0,0,0,0
1783557661759,1783557661759,1642207253876,0,0,270219,0,0,0,0,0,0,0
1783557663824,1783557663823,1642207253876,0,0,270220,0,0,0,0,0,0,0
1783557665900,1783557665900,1642207253876,0,0,270221,0,0,0,0,0,0,0
1783557667996,1783557667996,1642207253876,0,0,270222,0,0,0,0,0,0,0
1783557670081,1783557670081,1642207253876,0,0,270223,0,0,0,0,0,0,0
1783557672178,1783557672178,1642207253876,0,0,270224,0,0,0,0,0,0,0
1783557674269,1783557674269,1642207253876,0,0,270225,0,0,0,0,0,0,0
1783557676363,1783557676362,1642207253876,0,0,270226,0,0,0,0,0,0,0
1783557678456,1783557678456,1642207253876,0,0,270227,0,0,0,0,0,0,0
1783557680552,1783557680552,1642207253876,0,0,270228,0,0,0,0,0,0,0
1783557682642,1783557682642,1642207253876,0,0,270229,0,0,0,0,0,0,0
1783557684714,1783557684714,1642207253876,0,0,270230,0,0,0,0,0,0,0
1783557686795,1783557686795,1642207253876,0,0,270231,0,0,0,0,0,0,0
1783557688884,1783557688884,1642207253876,0,0,270232,0,0,0,0,0,0,0
1783557690971,1783557690971,1642207253876,0,0,270233,0,0,0,0,0,0,0
1783557693057,1783557693057,1642207253876,0,0,270234,0,0,0,0,0,0,0
1783557695154,1783557695154,1642207253876,0,0,270235,0,0,0,0,0,0,0
1783557697220,1783557697220,1642207253876,0,0,270236,0,0,0,0,0,0,0
1783557699309,1783557699309,1642207253876,0,0,270237,0,0,0,0,0,0,0
1783557701405,1783557701405,1642207253876,0,0,270238,0,0,0,0,0,0,0
1783557703529,1783557703529,1642207253876,0,0,270239,0,0,0,0,0,0,0
1783557705603,1783557705603,1642207253876,0,0,270240,0,0,0,0,0,0,0
1783557707660,1783557707660,1642207253876,0,0,270241,0,0,0,0,0,0,0
1783557709756,1783557709756,1642207253876,0,0,270242,0,0,0,0,0,0,0
1783557711838,1783557711838,1642207253876,0,0,270243,0,0,0,0,0,0,0
1783557713921,1783557713921,1642207253876,0,0,270244,0,0,0,0,0,0,0
1783557716012,1783557716012,1642207253876,0,0,270245,0,0,0,0,0,0,0
1783557718112,1783557718112,1642207253876,0,0,270246,0,0,0,0,0,0,0
1783557720178,1783557720178,1642207253876,0,0,270247,0,0,0,0,0,0,0
1783557722273,1783557722272,1642207253876,0,0,270248,0,0,0,0,0,0,0
1783557724361,1783557724361,1642207253876,0,0,270249,0,0,0,0,0,0,0
1783557726449,1783557726449,1642207253876,0,0,270250,0,0,0,0,0,0,0
1783557728523,1783557728523,1642207253876,0,0,270251,0,0,0,0,0,0,0
1783557730610,1783557730610,1642207253876,0,0,270252,0,0,0,0,0,0,0
1783557732709,1783557732709,1642207253876,0,0,270253,0,0,0,0,0,0,0
1783557734807,1783557734807,1642207253876,0,0,270254,0,0,0,0,0,0,0
1783557736900,1783557736900,1642207253876,0,0,270255,0,0,0,0,0,0,0
1783557738964,1783557738964,1642207253876,0,0,270256,0,0,0,0,0,0,0
1783557741030,1783557741030,1642207253876,0,0,270257,0,0,0,0,0,0,0
1783557743121,1783557743121,1642207253876,0,0,270258,0,0,0,0,0,0,0
1783557745217,1783557745217,1642207253876,0,0,270259,0,0,0,0,0,0,0
1783557747280,1783557747280,1642207253876,0,0,270260,0,0,0,0,0,0,0
1783557749375,1783557749375,1642207253876,0,0,270261,0,0,0,0,0,0,0
1783557751448,1783557751448,1642207253876,0,0,270262,0,0,0,0,0,0,0
1783557753524,1783557753524,1642207253876,0,0,270263,0,0,0,0,0,0,0
1783557755608,1783557755608,1642207253876,0,0,270264,0,0,0,0,0,0,0
1783557757667,1783557757667,1642207253876,0,0,270265,0,0,0,0,0,0,0
1783557759746,1783557759746,1642207253876,0,0,270266,0,0,0,0,0,0,0
1783557761841,1783557761841,1642207253876,0,0,270267,0,0,0,0,0,0,0
1783557763937,1783557763937,1642207253876,0,0,270268,0,0,0,0,0,0,0
1783557766005,1783557766005,1642207253876,0,0,270269,0,0,0,0,0,0,0
1783557768096,1783557768096,1642207253876,0,0,270270,0,0,0,0,0,0,0
1783557770175,1783557770175,1642207253876,0,0,270271,0,0,0,0,0,0,0
1783557772239,1783557772239,1642207253876,0,0,270272,0,0,0,0,0,0,0
1783557774324,1783557774324,1642207253876,0,0,270273,0,0,0,0,0,0,0
1783557776384,1783557776384,1642207253876,0,0,270274,0,0,0,0,0,0,0
1783557778457,1783557778457,1642207253876,0,0,270275,0,0,0,0,0,0,0
1783557780553,1783557780553,1642207253876,0,0,270276,0,0,0,0,0,0,0
1783557782635,1783557782635,1642207253876,0,0,270277,0,0,0,0,0,0,0
1783557784717,1783557784717,1642207253876,0,0,270278,0,0,0,0,0,0,0
1783557786808,1783557786808,1642207253876,0,0,270279,0,0,0,0,0,0,0
1783557788890,1783557788890,1642207253876,0,0,270280,0,0,0,0,0,0,0
1783557790983,1783557790983,1642207253876,0,0,270281,0,0,0,0,0,0,0
1783557793073,1783557793073,1642207253876,0,0,270282,0,0,0,0,0,0,0
1783557795149,1783557795149,1642207253876,0,0,270283,0,0,0,0,0,0,0
1783557797216,1783557797216,1642207253876,0,0,270284,0,0,0,0,0,0,0
1783557799311,1783557799311,1642207253876,0,0,270285,0,0,0,0,0,0,0
1783557801400,1783557801400,1642207253876,0,0,270286,0,0,0,0,0,0,0
1783557803488,1783557803488,1642207253876,0,0,270287,0,0,0,0,0,0,0
1783557805586,1783557805585,1642207253876,0,0,270288,0,0,0,0,0,0,0
1783557807640,1783557807640,1642207253876,0,0,270289,0,0,0,0,0,0,0
1783557809708,1783557809708,1642207253876,0,0,270290,0,0,0,0,0,0,0
1783557811786,1783557811786,1642207253876,0,0,270291,0,0,0,0,0,0,0
1783557813880,1783557813880,1642207253876,0,0,270292,0,0,0,0,0,0,0
1783557815977,1783557815977,1642207253876,0,0,270293,0,0,0,0,0,0,0
1783557818062,1783557818062,1642207253876,0,0,270294,0,0,0,0,0,0,0
1783557820138,1783557820138,1642207253876,0,0,270295,0,0,0,0,0,0,0
1783557822215,1783557822215,1642207253876,0,0,270296,0,0,0,0,0,0,0
1783557824309,1783557824309,1642207253876,0,0,270297,0,0,0,0,0,0,0
1783557826390,1783557826390,1642207253876,0,0,270298,0,0,0,0,0,0,0
1783557828463,1783557828463,1642207253876,0,0,270299,0,0,0,0,0,0,0
1783557830555,1783557830555,1642207253876,0,0,270300,0,0,0,0,0,0,0
1783557832633,1783557832633,1642207253876,0,0,270301,0,0,0,0,0,0,0
1783557834690,1783557834690,1642207253876,0,0,270302,0,0,0,0,0,0,0
1783557836756,1783557836756,1642207253876,0,0,270303,0,0,0,0,0,0,0
1783557838837,1783557838837,1642207253876,0,0,270304,0,0,0,0,0,0,0
1783557840927,1783557840927,1642207253876,0,0,270305,0,0,0,0,0,0,0
1783557843011,1783557843011,1642207253876,0,0,270306,0,0,0,0,0,0,0
1783557845072,1783557845072,1642207253876,0,0,270307,0,0,0,0,0,0,0
1783557847162,1783557847162,1642207253876,0,0,270308,0,0,0,0,0,0,0
1783557849252,1783557849252,1642207253876,0,0,270309,0,0,0,0,0,0,0
1783557851314,1783557851314,1642207253876,0,0,270310,0,0,0,0,0,0,0
1783557853400,1783557853400,1642207253876,0,0,270311,0,0,0,0,0,0,0
1783557855467,1783557855467,1642207253876,0,0,270312,0,0,0,0,0,0,0
1783557857542,1783557857542,1642207253876,0,0,270313,0,0,0,0,0,0,0
1783557859608,1783557859608,1642207253876,0,0,270314,0,0,0,0,0,0,0
1783557861674,1783557861674,1642207253876,0,0,270315,0,0,0,0,0,0,0
1783557863755,1783557863755,1642207253876,0,0,270316,0,0,0,0,0,0,0
1783557865821,1783557865820,1642207253876,0,0,270317,0,0,0,0,0,0,0
1783557867867,1783557867867,1642207253876,0,0,270318,0,0,0,0,0,0,0
1783557869926,1783557869926,1642207253876,0,0,270319,0,0,0,0,0,0,0
1783557872022,1783557872022,1642207253876,0,0,270320,0,0,0,0,0,0,0
1783557874083,1783557874083,1642207253876,0,0,270321,0,0,0,0,0,0,0
1783557876139,1783557876139,1642207253876,0,0,270322,0,0,0,0,0,0,0
1783557878203,1783557878203,1642207253876,0,0,270323,0,0,0,0,0,0,0
1783557880293,1783557880293,1642207253876,0,0,270324,0,0,0,0,0,0,0
1783557882366,1783557882366,1642207253876,0,0,270325,0,0,0,0,0,0,0
1783557884445,1783557884445,1642207253876,0,0,270326,0,0,0,0,0,0,0
1783557886531,1783557886531,1642207253876,0,0,270327,0,0,0,0,0,0,0
1783557888579,1783557888579,1642207253876,0,0,270328,0,0,0,0,0,0,0
1783557890665,1783557890665,1642207253876,0,0,270329,0,0,0,0,0,0,0
1783557892750,1783557892750,1642207253876,0,0,270330,0,0,0,0,0,0,0
1783557894842,1783557894842,1642207253876,0,0,270331,0,0,0,0,0,0,0
1783557896940,1783557896940,1642207253876,0,0,270332,0,0,0,0,0,0,0
1783557899005,1783557899005,1642207253876,0,0,270333,0,0,0,0,0,0,0
1783557901102,1783557901102,1642207253876,0,0,270334,0,0,0,0,0,0,0
1783557903210,1783557903210,1642207253876,0,0,270335,0,0,0,0,0,0,0
1783557905303,1783557905303,1642207253876,0,0,270336,0,0,0,0,0,0,0
1783557907395,1783557907395,1642207253876,0,0,270337,0,0,0,0,0,0,0
1783557909474,1783557909474,1642207253876,0,0,270338,0,0,0,0,0,0,0
1783557911563,1783557911563,1642207253876,0,0,270339,0,0,0,0,0,0,0
1783557913653,1783557913653,1642207253876,0,0,270340,0,0,0,0,0,0,0
1783557915711,1783557915711,1642207253876,0,0,270341,0,0,0,0,0,0,0
1783557917801,1783557917801,1642207253876,0,0,270342,0,0,0,0,0,0,0
1783557919882,1783557919882,1642207253876,0,0,270343,0,0,0,0,0,0,0
1783557921965,1783557921965,1642207253876,0,0,270344,0,0,0,0,0,0,0
1783557924044,1783557924044,1642207253876,0,0,270345,0,0,0,0,0,0,0
1783557926134,1783557926134,1642207253876,0,0,270346,0,0,0,0,0,0,0
1783557928218,1783557928218,1642207253876,0,0,270347,0,0,0,0,0,0,0
1783557930294,1783557930294,1642207253876,0,0,270348,0,0,0,0,0,0,0
1783557932401,1783557932401,1642207253876,0,0,270349,0,0,0,0,0,0,0
1783557934466,1783557934466,1642207253876,0,0,270350,0,0,0,0,0,0,0
1783557936517,1783557936517,1642207253876,0,0,270351,0,0,0,0,0,0,0
1783557938603,1783557938603,1642207253876,0,0,270352,0,0,0,0,0,0,0
1783557940677,1783557940677,1642207253876,0,0,270353,0,0,0,0,0,0,0
1783557942757,1783557942757,1642207253876,0,0,270354,0,0,0,0,0,0,0
1783557944836,1783557944836,1642207253876,0,0,270355,0,0,0,0,0,0,0
1783557946911,1783557946911,1642207253876,0,0,270356,0,0,0,0,0,0,0
1783557949000,1783557949000,1642207253876,0,0,270357,0,0,0,0,0,0,0
1783557951064,1783557951064,1642207253876,0,0,270358,0,0,0,0,0,0,0
1783557953135,1783557953135,1642207253876,0,0,270359,0,0,0,0,0,0,0
1783557955224,1783557955224,1642207253876,0,0,270360,0,0,0,0,0,0,0
1783557957304,1783557957304,1642207253876,0,0,270361,0,0,0,0,0,0,0
1783557959395,1783557959395,1642207253876,0,0,270362,0,0,0,0,0,0,0
1783557961475,1783557961475,1642207253876,0,0,270363,0,0,0,0,0,0,0
1783557963548,1783557963548,1642207253876,0,0,270364,0,0,0,0,0,0,0
1783557965614,1783557965614,1642207253876,0,0,270365,0,0,0,0,0,0,0
1783557967703,1783557967703,1642207253876,0,0,270366,0,0,0,0,0,0,0
1783557969781,1783557969781,1642207253876,0,0,270367,0,0,0,0,0,0,0
1783557971867,1783557971867,1642207253876,0,0,270368,0,0,0,0,0,0,0
1783557973939,1783557973939,1642207253876,0,0,270369,0,0,0,0,0,0,0
1783557976000,1783557976000,1642207253876,0,0,270370,0,0,0,0,0,0,0
1783557978087,1783557978087,1642207253876,0,0,270371,0,0,0,0,0,0,0
1783557980162,1783557980162,1642207253876,0,0,270372,0,0,0,0,0,0,0
1783557982258,1783557982257,1642207253876,0,0,270373,0,0,0,0,0,0,0
1783557984336,1783557984336,1642207253876,0,0,270374,0,0,0,0,0,0,0
1783557986425,1783557986425,1642207253876,0,0,270375,0,0,0,0,0,0,0
1783557988513,1783557988513,1642207253876,0,0,270376,0,0,0,0,0,0,0
1783557990579,1783557990579,1642207253876,0,0,270377,0,0,0,0,0,0,0
1783557992675,1783557992675,1642207253876,0,0,270378,0,0,0,0,0,0,0
1783557994768,1783557994768,1642207253876,0,0,270379,0,0,0,0,0,0,0
1783557996861,1783557996861,1642207253876,0,0,270380,0,0,0,0,0,0,0
1783557998950,1783557998950,1642207253876,0,0,270381,0,0,0,0,0,0,0
1783558001053,1783558001053,1642207253876,0,0,270382,0,0,0,0,0,0,0
1783558003129,1783558003129,1642207253876,0,0,270383,0,0,0,0,0,0,0
1783558005222,1783558005222,1642207253876,0,0,270384,0,0,0,0,0,0,0
1783558007285,1783558007285,1642207253876,0,0,270385,0,0,0,0,0,0,0
1783558009347,1783558009347,1642207253876,0,0,270386,0,0,0,0,0,0,0
1783558011435,1783558011435,1642207253876,0,0,270387,0,0,0,0,0,0,0
1783558013497,1783558013497,1642207253876,0,0,270388,0,0,0,0,0,0,0
1783558015577,1783558015577,1642207253876,0,0,270389,0,0,0,0,0,0,0
1783558017668,1783558017668,1642207253876,0,0,270390,0,0,0,0,0,0,0
1783558019760,1783558019760,1642207253876,0,0,270391,0,0,0,0,0,0,0
1783558021822,1783558021822,1642207253876,0,0,270392,0,0,0,0,0,0,0
1783558023896,1783558023896,1642207253876,0,0,270393,0,0,0,0,0,0,0
1783558025963,1783558025963,1642207253876,0,0,270394,0,0,0,0,0,0,0
1783558028037,1783558028037,1642207253876,0,0,270395,0,0,0,0,0,0,0
1783558030123,1783558030123,1642207253876,0,0,270396,0,0,0,0,0,0,0
1783558032219,1783558032219,1642207253876,0,0,270397,0,0,0,0,0,0,0
1783558034279,1783558034279,1642207253876,0,0,270398,0,0,0,0,0,0,0
1783558036367,1783558036367,1642207253876,0,0,270399,0,0,0,0,0,0,0
1783558038447,1783558038447,1642207253876,0,0,270400,0,0,0,0,0,0,0
1783558040517,1783558040517,1642207253876,0,0,270401,0,0,0,0,0,0,0
1783558042608,1783558042608,1642207253876,0,0,270402,0,0,0,0,0,0,0
1783558044662,1783558044662,1642207253876,0,0,270403,0,0,0,0,0,0,0
1783558046770,1783558046770,1642207253876,0,0,270404,0,0,0,0,0,0,0
1783558048861,1783558048861,1642207253876,0,0,270405,0,0,0,0,0,0,0
1783558050954,1783558050954,1642207253876,0,0,270406,0,0,0,0,0,0,0
1783558053043,1783558053043,1642207253876,0,0,270407,0,0,0,0,0,0,0
1783558055138,1783558055138,1642207253876,0,0,270408,0,0,0,0,0,0,0
1783558057226,1783558057226,1642207253876,0,0,270409,0,0,0,0,0,0,0
1783558059319,1783558059319,1642207253876,0,0,270410,0,0,0,0,0,0,0
1783558061404,1783558061404,1642207253876,0,0,270411,0,0,0,0,0,0,0
1783558063491,1783558063491,1642207253876,0,0,270412,0,0,0,0,0,0,0
1783558065566,1783558065566,1642207253876,0,0,270413,0,0,0,0,0,0,0
1783558067623,1783558067623,1642207253876,0,0,270414,0,0,0,0,0,0,0
1783558069685,1783558069685,1642207253876,0,0,270415,0,0,0,0,0,0,0
1783558071747,1783558071747,1642207253876,0,0,270416,0,0,0,0,0,0,0
1783558073824,1783558073824,1642207253876,0,0,270417,0,0,0,0,0,0,0
1783558075889,1783558075889,1642207253876,0,0,270418,0,0,0,0,0,0,0
1783558077950,1783558077950,1642207253876,0,0,270419,0,0,0,0,0,0,0
1783558080042,1783558080042,1642207253876,0,0,270420,0,0,0,0,0,0,0
1783558082109,1783558082109,1642207253876,0,0,270421,0,0,0,0,0,0,0
1783558084201,1783558084200,1642207253876,0,0,270422,0,0,0,0,0,0,0
1783558086317,1783558086317,1642207253876,0,0,270423,0,0,0,0,0,0,0
1783558088392,1783558088392,1642207253876,0,0,270424,0,0,0,0,0,0,0
1783558090462,1783558090462,1642207253876,0,0,270425,0,0,0,0,0,0,0
1783558092542,1783558092542,1642207253876,0,0,270426,0,0,0,0,0,0,0
1783558094635,1783558094635,1642207253876,0,0,270427,0,0,0,0,0,0,0
1783558096733,1783558096733,1642207253876,0,0,270428,0,0,0,0,0,0,0
1783558098810,1783558098810,1642207253876,0,0,270429,0,0,0,0,0,0,0
1783558100874,1783558100874,1642207253876,0,0,270430,0,0,0,0,0,0,0
1783558102968,1783558102968,1642207253876,0,0,270431,0,0,0,0,0,0,0
1783558105052,1783558105052,1642207253876,0,0,270432,0,0,0,0,0,0,0
1783558107117,1783558107117,1642207253876,0,0,270433,0,0,0,0,0,0,0
1783558109216,1783558109216,1642207253876,0,0,270434,0,0,0,0,0,0,0
1783558111311,1783558111311,1642207253876,0,0,270435,0,0,0,0,0,0,0
1783558113400,1783558113400,1642207253876,0,0,270436,0,0,0,0,0,0,0
1783558115482,1783558115482,1642207253876,0,0,270437,0,0,0,0,0,0,0
1783558117543,1783558117543,1642207253876,0,0,270438,0,0,0,0,0,0,0
1783558119613,1783558119613,1642207253876,0,0,270439,0,0,0,0,0,0,0
1783558121706,1783558121706,1642207253876,0,0,270440,0,0,0,0,0,0,0
1783558123787,1783558123787,1642207253876,0,0,270441,0,0,0,0,0,0,0
1783558125859,1783558125859,1642207253876,0,0,270442,0,0,0,0,0,0,0
1783558127923,1783558127923,1642207253876,0,0,270443,0,0,0,0,0,0,0
1783558130011,1783558130011,1642207253876,0,0,270444,0,0,0,0,0,0,0
1783558132099,1783558132099,1642207253876,0,0,270445,0,0,0,0,0,0,0
1783558134188,1783558134187,1642207253876,0,0,270446,0,0,0,0,0,0,0
1783558136268,1783558136268,1642207253876,0,0,270447,0,0,0,0,0,0,0
1783558138362,1783558138362,1642207253876,0,0,270448,0,0,0,0,0,0,0
1783558140432,1783558140432,1642207253876,0,0,270449,0,0,0,0,0,0,0
1783558142520,1783558142520,1642207253876,0,0,270450,0,0,0,0,0,0,0
1783558144601,1783558144601,1642207253876,0,0,270451,0,0,0,0,0,0,0
1783558146680,1783558146679,1642207253876,0,0,270452,0,0,0,0,0,0,0
1783558148753,1783558148753,1642207253876,0,0,270453,0,0,0,0,0,0,0
1783558150838,1783558150838,1642207253876,0,0,270454,0,0,0,0,0,0,0
1783558152911,1783558152911,1642207253876,0,0,270455,0,0,0,0,0,0,0
1783558154989,1783558154989,1642207253876,0,0,270456,0,0,0,0,0,0,0
1783558157065,1783558157065,1642207253876,0,0,270457,0,0,0,0,0,0,0
1783558159157,1783558159157,1642207253876,0,0,270458,0,0,0,0,0,0,0
1783558161242,1783558161242,1642207253876,0,0,270459,0,0,0,0,0,0,0
1783558163344,1783558163344,1642207253876,0,0,270460,0,0,0,0,0,0,0
1783558165433,1783558165433,1642207253876,0,0,270461,0,0,0,0,0,0,0
1783558167524,1783558167524,1642207253876,0,0,270462,0,0,0,0,0,0,0
1783558169623,1783558169623,1642207253876,0,0,270463,0,0,0,0,0,0,0
1783558171711,1783558171711,1642207253876,0,0,270464,0,0,0,0,0,0,0
1783558173805,1783558173805,1642207253876,0,0,270465,0,0,0,0,0,0,0
1783558175899,1783558175899,1642207253876,0,0,270466,0,0,0,0,0,0,0
1783558177991,1783558177991,1642207253876,0,0,270467,0,0,0,0,0,0,0
1783558180091,1783558180091,1642207253876,0,0,270468,0,0,0,0,0,0,0
1783558182165,1783558182165,1642207253876,0,0,270469,0,0,0,0,0,0,0
1783558184257,1783558184257,1642207253876,0,0,270470,0,0,0,0,0,0,0
1783558186335,1783558186335,1642207253876,0,0,270471,0,0,0,0,0,0,0
1783558188411,1783558188411,1642207253876,0,0,270472,0,0,0,0,0,0,0
1783558190511,1783558190511,1642207253876,0,0,270473,0,0,0,0,0,0,0
1783558192603,1783558192603,1642207253876,0,0,270474,0,0,0,0,0,0,0
1783558194664,1783558194664,1642207253876,0,0,270475,0,0,0,0,0,0,0
1783558196756,1783558196756,1642207253876,0,0,270476,0,0,0,0,0,0,0
1783558198819,1783558198819,1642207253876,0,0,270477,0,0,0,0,0,0,0
1783558200881,1783558200881,1642207253876,0,0,270478,0,0,0,0,0,0,0
1783558202940,1783558202940,1642207253876,0,0,270479,0,0,0,0,0,0,0
1783558205010,1783558205010,1642207253876,0,0,270480,0,0,0,0,0,0,0
1783558207098,1783558207098,1642207253876,0,0,270481,0,0,0,0,0,0,0
1783558209207,1783558209207,1642207253876,0,0,270482,0,0,0,0,0,0,0
1783558211294,1783558211294,1642207253876,0,0,270483,0,0,0,0,0,0,0
1783558213386,1783558213386,1642207253876,0,0,270484,0,0,0,0,0,0,0
1783558215459,1783558215459,1642207253876,0,0,270485,0,0,0,0,0,0,0
1783558217550,1783558217550,1642207253876,0,0,270486,0,0,0,0,0,0,0
1783558219625,1783558219625,1642207253876,0,0,270487,0,0,0,0,0,0,0
1783558221700,1783558221700,1642207253876,0,0,270488,0,0,0,0,0,0,0
1783558223790,1783558223790,1642207253876,0,0,270489,0,0,0,0,0,0,0
1783558225893,1783558225893,1642207253876,0,0,270490,0,0,0,0,0,0,0
1783558227974,1783558227974,1642207253876,0,0,270491,0,0,0,0,0,0,0
1783558230038,1783558230038,1642207253876,0,0,270492,0,0,0,0,0,0,0
1783558232130,1783558232130,1642207253876,0,0,270493,0,0,0,0,0,0,0
1783558234203,1783558234203,1642207253876,0,0,270494,0,0,0,0,0,0,0
1783558236298,1783558236298,1642207253876,0,0,270495,0,0,0,0,0,0,0
1783558238382,1783558238382,1642207253876,0,0,270496,0,0,0,0,0,0,0
1783558240454,1783558240454,1642207253876,0,0,270497,0,0,0,0,0,0,0
1783558242522,1783558242522,1642207253876,0,0,270498,0,0,0,0,0,0,0
1783558244621,1783558244621,1642207253876,0,0,270499,0,0,0,0,0,0,0
1783558246696,1783558246695,1642207253876,0,0,270500,0,0,0,0,0,0,0
1783558248784,1783558248784,1642207253876,0,0,270501,0,0,0,0,0,0,0
1783558250856,1783558250856,1642207253876,0,0,270502,0,0,0,0,0,0,0
1783558252912,1783558252912,1642207253876,0,0,270503,0,0,0,0,0,0,0
1783558254974,1783558254974,1642207253876,0,0,270504,0,0,0,0,0,0,0
1783558257042,1783558257042,1642207253876,0,0,270505,0,0,0,0,0,0,0
1783558259160,1783558259160,1642207253876,0,0,270506,0,0,0,0,0,0,0
1783558261257,1783558261257,1642207253876,0,0,270507,0,0,0,0,0,0,0
1783558263320,1783558263320,1642207253876,0,0,270508,0,0,0,0,0,0,0
1783558265401,1783558265401,1642207253876,0,0,270509,0,0,0,0,0,0,0
1783558267463,1783558267463,1642207253876,0,0,270510,0,0,0,0,0,0,0
1783558269561,1783558269561,1642207253876,0,0,270511,0,0,0,0,0,0,0
1783558271619,1783558271619,1642207253876,0,0,270512,0,0,0,0,0,0,0
1783558273719,1783558273718,1642207253876,0,0,270513,0,0,0,0,0,0,0
1783558275812,1783558275812,1642207253876,0,0,270514,0,0,0,0,0,0,0
1783558277893,1783558277893,1642207253876,0,0,270515,0,0,0,0,0,0,0
1783558279977,1783558279977,1642207253876,0,0,270516,0,0,0,0,0,0,0
1783558282076,1783558282076,1642207253876,0,0,270517,0,0,0,0,0,0,0
1783558284168,1783558284168,1642207253876,0,0,270518,0,0,0,0,0,0,0
1783558286231,1783558286231,1642207253876,0,0,270519,0,0,0,0,0,0,0
1783558288325,1783558288325,1642207253876,0,0,270520,0,0,0,0,0,0,0
1783558290405,1783558290405,1642207253876,0,0,270521,0,0,0,0,0,0,0
1783558292500,1783558292500,1642207253876,0,0,270522,0,0,0,0,0,0,0
1783558294583,1783558294583,1642207253876,0,0,270523,0,0,0,0,0,0,0
1783558296676,1783558296676,1642207253876,0,0,270524,0,0,0,0,0,0,0
1783558298740,1783558298740,1642207253876,0,0,270525,0,0,0,0,0,0,0
1783558300808,1783558300808,1642207253876,0,0,270526,0,0,0,0,0,0,0
1783558302903,1783558302903,1642207253876,0,0,270527,0,0,0,0,0,0,0
1783558304981,1783558304981,1642207253876,0,0,270528,0,0,0,0,0,0,0
1783558307072,1783558307071,1642207253876,0,0,270529,0,0,0,0,0,0,0
1783558309155,1783558309155,1642207253876,0,0,270530,0,0,0,0,0,0,0
1783558311239,1783558311239,1642207253876,0,0,270531,0,0,0,0,0,0,0
1783558313319,1783558313319,1642207253876,0,0,270532,0,0,0,0,0,0,0
1783558315386,1783558315386,1642207253876,0,0,270533,0,0,0,0,0,0,0
1783558317474,1783558317474,1642207253876,0,0,270534,0,0,0,0,0,0,0
1783558319549,1783558319549,1642207253876,0,0,270535,0,0,0,0,0,0,0
1783558321612,1783558321612,1642207253876,0,0,270536,0,0,0,0,0,0,0
1783558323705,1783558323705,1642207253876,0,0,270537,0,0,0,0,0,0,0
1783558325782,1783558325782,1642207253876,0,0,270538,0,0,0,0,0,0,0
1783558327876,1783558327876,1642207253876,0,0,270539,0,0,0,0,0,0,0
1783558329945,1783558329945,1642207253876,0,0,270540,0,0,0,0,0,0,0
1783558332026,1783558332026,1642207253876,0,0,270541,0,0,0,0,0,0,0
1783558334120,1783558334120,1642207253876,0,0,270542,0,0,0,0,0,0,0
1783558336209,1783558336209,1642207253876,0,0,270543,0,0,0,0,0,0,0
1783558338302,1783558338302,1642207253876,0,0,270544,0,0,0,0,0,0,0
1783558340366,1783558340366,1642207253876,0,0,270545,0,0,0,0,0,0,0
1783558342465,1783558342465,1642207253876,0,0,270546,0,0,0,0,0,0,0
1783558344557,1783558344557,1642207253876,0,0,270547,0,0,0,0,0,0,0
1783558346667,1783558346667,1642207253876,0,0,270548,0,0,0,0,0,0,0
1783558348747,1783558348747,1642207253876,0,0,270549,0,0,0,0,0,0,0
1783558350833,1783558350833,1642207253876,0,0,270550,0,0,0,0,0,0,0
1783558352897,1783558352897,1642207253876,0,0,270551,0,0,0,0,0,0,0
1783558354976,1783558354976,1642207253876,0,0,270552,0,0,0,0,0,0,0
1783558357063,1783558357063,1642207253876,0,0,270553,0,0,0,0,0,0,0
1783558359154,1783558359154,1642207253876,0,0,270554,0,0,0,0,0,0,0
1783558361240,1783558361240,1642207253876,0,0,270555,0,0,0,0,0,0,0
1783558363331,1783558363331,1642207253876,0,0,270556,0,0,0,0,0,0,0
1783558365399,1783558365399,1642207253876,0,0,270557,0,0,0,0,0,0,0
1783558367462,1783558367461,1642207253876,0,0,270558,0,0,0,0,0,0,0
1783558369526,1783558369526,1642207253876,0,0,270559,0,0,0,0,0,0,0
1783558371611,1783558371611,1642207253876,0,0,270560,0,0,0,0,0,0,0
1783558373673,1783558373673,1642207253876,0,0,270561,0,0,0,0,0,0,0
1783558375750,1783558375750,1642207253876,0,0,270562,0,0,0,0,0,0,0
1783558377819,1783558377819,1642207253876,0,0,270563,0,0,0,0,0,0,0
1783558379909,1783558379909,1642207253876,0,0,270564,0,0,0,0,0,0,0
1783558382004,1783558382004,1642207253876,0,0,270565,0,0,0,0,0,0,0
1783558384067,1783558384067,1642207253876,0,0,270566,0,0,0,0,0,0,0
1783558386132,1783558386132,1642207253876,0,0,270567,0,0,0,0,0,0,0
1783558388226,1783558388226,1642207253876,0,0,270568,0,0,0,0,0,0,0
1783558390301,1783558390301,1642207253876,0,0,270569,0,0,0,0,0,0,0
1783558392390,1783558392390,1642207253876,0,0,270570,0,0,0,0,0,0,0
1783558394460,1783558394460,1642207253876,0,0,270571,0,0,0,0,0,0,0
1783558396548,1783558396548,1642207253876,0,0,270572,0,0,0,0,0,0,0
1783558398649,1783558398649,1642207253876,0,0,270573,0,0,0,0,0,0,0
1783558400713,1783558400713,1642207253876,0,0,270574,0,0,0,0,0,0,0
1783558402796,1783558402796,1642207253876,0,0,270575,0,0,0,0,0,0,0
1783558404899,1783558404899,1642207253876,0,0,270576,0,0,0,0,0,0,0
1783558406989,1783558406989,1642207253876,0,0,270577,0,0,0,0,0,0,0
1783558409079,1783558409079,1642207253876,0,0,270578,0,0,0,0,0,0,0
1783558411166,1783558411166,1642207253876,0,0,270579,0,0,0,0,0,0,0
1783558413258,1783558413258,1642207253876,0,0,270580,0,0,0,0,0,0,0
1783558415322,1783558415322,1642207253876,0,0,270581,0,0,0,0,0,0,0
1783558417413,1783558417413,1642207253876,0,0,270582,0,0,0,0,0,0,0
1783558419478,1783558419478,1642207253876,0,0,270583,0,0,0,0,0,0,0
1783558421541,1783558421541,1642207253876,0,0,270584,0,0,0,0,0,0,0
1783558423602,1783558423601,1642207253876,0,0,270585,0,0,0,0,0,0,0
1783558425657,1783558425657,1642207253876,0,0,270586,0,0,0,0,0,0,0
1783558427711,1783558427711,1642207253876,0,0,270587,0,0,0,0,0,0,0
1783558429775,1783558429775,1642207253876,0,0,270588,0,0,0,0,0,0,0
1783558431864,1783558431864,1642207253876,0,0,270589,0,0,0,0,0,0,0
1783558433951,1783558433951,1642207253876,0,0,270590,0,0,0,0,0,0,0
1783558436044,1783558436044,1642207253876,0,0,270591,0,0,0,0,0,0,0
1783558438129,1783558438129,1642207253876,0,0,270592,0,0,0,0,0,0,0
1783558440207,1783558440207,1642207253876,0,0,270593,0,0,0,0,0,0,0
1783558442280,1783558442280,1642207253876,0,0,270594,0,0,0,0,0,0,0
1783558444366,1783558444366,1642207253876,0,0,270595,0,0,0,0,0,0,0
1783558446434,1783558446434,1642207253876,0,0,270596,0,0,0,0,0,0,0
1783558448530,1783558448530,1642207253876,0,0,270597,0,0,0,0,0,0,0
1783558450624,1783558450624,1642207253876,0,0,270598,0,0,0,0,0,0,0
1783558452688,1783558452688,1642207253876,0,0,270599,0,0,0,0,0,0,0
1783558454788,1783558454788,1642207253876,0,0,270600,0,0,0,0,0,0,0
1783558456884,1783558456884,1642207253876,0,0,270601,0,0,0,0,0,0,0
1783558458975,1783558458975,1642207253876,0,0,270602,0,0,0,0,0,0,0
1783558461041,1783558461041,1642207253876,0,0,270603,0,0,0,0,0,0,0
1783558463134,1783558463134,1642207253876,0,0,270604,0,0,0,0,0,0,0
1783558465199,1783558465198,1642207253876,0,0,270605,0,0,0,0,0,0,0
1783558467293,1783558467293,1642207253876,0,0,270606,0,0,0,0,0,0,0
1783558469382,1783558469382,1642207253876,0,0,270607,0,0,0,0,0,0,0
1783558471465,1783558471465,1642207253876,0,0,270608,0,0,0,0,0,0,0
1783558473555,1783558473555,1642207253876,0,0,270609,0,0,0,0,0,0,0
1783558475652,1783558475652,1642207253876,0,0,270610,0,0,0,0,0,0,0
1783558477749,1783558477749,1642207253876,0,0,270611,0,0,0,0,0,0,0
1783558479830,1783558479830,1642207253876,0,0,270612,0,0,0,0,0,0,0
1783558481908,1783558481908,1642207253876,0,0,270613,0,0,0,0,0,0,0
1783558483989,1783558483989,1642207253876,0,0,270614,0,0,0,0,0,0,0
1783558486052,1783558486052,1642207253876,0,0,270615,0,0,0,0,0,0,0
1783558488121,1783558488120,1642207253876,0,0,270616,0,0,0,0,0,0,0
1783558490193,1783558490193,1642207253876,0,0,270617,0,0,0,0,0,0,0
1783558492281,1783558492281,1642207253876,0,0,270618,0,0,0,0,0,0,0
1783558494384,1783558494384,1642207253876,0,0,270619,0,0,0,0,0,0,0
1783558496483,1783558496483,1642207253876,0,0,270620,0,0,0,0,0,0,0
1783558498545,1783558498545,1642207253876,0,0,270621,0,0,0,0,0,0,0
1783558500626,1783558500626,1642207253876,0,0,270622,0,0,0,0,0,0,0
1783558502702,1783558502702,1642207253876,0,0,270623,0,0,0,0,0,0,0
1783558504792,1783558504792,1642207253876,0,0,270624,0,0,0,0,0,0,0
1783558506876,1783558506876,1642207253876,0,0,270625,0,0,0,0,0,0,0
1783558508963,1783558508962,1642207253876,0,0,270626,0,0,0,0,0,0,0
1783558511038,1783558511038,1642207253876,0,0,270627,0,0,0,0,0,0,0
1783558513130,1783558513130,1642207253876,0,0,270628,0,0,0,0,0,0,0
1783558515199,1783558515199,1642207253876,0,0,270629,0,0,0,0,0,0,0
1783558517291,1783558517291,1642207253876,0,0,270630,0,0,0,0,0,0,0
1783558519380,1783558519380,1642207253876,0,0,270631,0,0,0,0,0,0,0
1783558521444,1783558521444,1642207253876,0,0,270632,0,0,0,0,0,0,0
1783558523523,1783558523523,1642207253876,0,0,270633,0,0,0,0,0,0,0
1783558525619,1783558525619,1642207253876,0,0,270634,0,0,0,0,0,0,0
1783558527686,1783558527686,1642207253876,0,0,270635,0,0,0,0,0,0,0
1783558529770,1783558529770,1642207253876,0,0,270636,0,0,0,0,0,0,0
1783558531878,1783558531878,1642207253876,0,0,270637,0,0,0,0,0,0,0
1783558533941,1783558533941,1642207253876,0,0,270638,0,0,0,0,0,0,0
1783558536019,1783558536019,1642207253876,0,0,270639,0,0,0,0,0,0,0
1783558538117,1783558538117,1642207253876,0,0,270640,0,0,0,0,0,0,0
1783558540209,1783558540209,1642207253876,0,0,270641,0,0,0,0,0,0,0
1783558542275,1783558542275,1642207253876,0,0,270642,0,0,0,0,0,0,0
1783558544360,1783558544360,1642207253876,0,0,270643,0,0,0,0,0,0,0
1783558546437,1783558546437,1642207253876,0,0,270644,0,0,0,0,0,0,0
1783558548510,1783558548510,1642207253876,0,0,270645,0,0,0,0,0,0,0
1783558550595,1783558550594,1642207253876,0,0,270646,0,0,0,0,0,0,0
1783558552683,1783558552683,1642207253876,0,0,270647,0,0,0,0,0,0,0
1783558554751,1783558554751,1642207253876,0,0,270648,0,0,0,0,0,0,0
1783558556845,1783558556845,1642207253876,0,0,270649,0,0,0,0,0,0,0
1783558558907,1783558558907,1642207253876,0,0,270650,0,0,0,0,0,0,0
1783558560977,1783558560977,1642207253876,0,0,270651,0,0,0,0,0,0,0
1783558563070,1783558563069,1642207253876,0,0,270652,0,0,0,0,0,0,0
1783558565159,1783558565159,1642207253876,0,0,270653,0,0,0,0,0,0,0
1783558567231,1783558567231,1642207253876,0,0,270654,0,0,0,0,0,0,0
1783558569325,1783558569325,1642207253876,0,0,270655,0,0,0,0,0,0,0
1783558571449,1783558571449,1642207253876,0,0,270656,0,0,0,0,0,0,0
1783558573526,1783558573526,1642207253876,0,0,270657,0,0,0,0,0,0,0
1783558575601,1783558575601,1642207253876,0,0,270658,0,0,0,0,0,0,0
1783558577687,1783558577687,1642207253876,0,0,270659,0,0,0,0,0,0,0
1783558579763,1783558579763,1642207253876,0,0,270660,0,0,0,0,0,0,0
1783558581846,1783558581846,1642207253876,0,0,270661,0,0,0,0,0,0,0
1783558583925,1783558583924,1642207253876,0,0,270662,0,0,0,0,0,0,0
1783558586013,1783558586013,1642207253876,0,0,270663,0,0,0,0,0,0,0
1783558588093,1783558588093,1642207253876,0,0,270664,0,0,0,0,0,0,0
1783558590156,1783558590156,1642207253876,0,0,270665,0,0,0,0,0,0,0
1783558592253,1783558592253,1642207253876,0,0,270666,0,0,0,0,0,0,0
1783558594322,1783558594322,1642207253876,0,0,270667,0,0,0,0,0,0,0
1783558596385,1783558596385,1642207253876,0,0,270668,0,0,0,0,0,0,0
1783558598468,1783558598467,1642207253876,0,0,270669,0,0,0,0,0,0,0
1783558600535,1783558600535,1642207253876,0,0,270670,0,0,0,0,0,0,0
1783558602626,1783558602626,1642207253876,0,0,270671,0,0,0,0,0,0,0
1783558604720,1783558604720,1642207253876,0,0,270672,0,0,0,0,0,0,0
1783558606782,1783558606782,1642207253876,0,0,270673,0,0,0,0,0,0,0
1783558608861,1783558608860,1642207253876,0,0,270674,0,0,0,0,0,0,0
1783558610953,1783558610953,1642207253876,0,0,270675,0,0,0,0,0,0,0
1783558613030,1783558613030,1642207253876,0,0,270676,0,0,0,0,0,0,0
1783558615119,1783558615119,1642207253876,0,0,270677,0,0,0,0,0,0,0
1783558617178,1783558617178,1642207253876,0,0,270678,0,0,0,0,0,0,0
1783558619257,1783558619257,1642207253876,0,0,270679,0,0,0,0,0,0,0
1783558621351,1783558621351,1642207253876,0,0,270680,0,0,0,0,0,0,0
1783558623409,1783558623409,1642207253876,0,0,270681,0,0,0,0,0,0,0
1783558625516,1783558625516,1642207253876,0,0,270682,0,0,0,0,0,0,0
1783558627587,1783558627587,1642207253876,0,0,270683,0,0,0,0,0,0,0
1783558629670,1783558629670,1642207253876,0,0,270684,0,0,0,0,0,0,0
1783558631745,1783558631745,1642207253876,0,0,270685,0,0,0,0,0,0,0
1783558633806,1783558633806,1642207253876,0,0,270686,0,0,0,0,0,0,0
1783558635903,1783558635903,1642207253876,0,0,270687,0,0,0,0,0,0,0
1783558637986,1783558637986,1642207253876,0,0,270688,0,0,0,0,0,0,0
1783558640056,1783558640056,1642207253876,0,0,270689,0,0,0,0,0,0,0
1783558642126,1783558642126,1642207253876,0,0,270690,0,0,0,0,0,0,0
1783558644215,1783558644215,1642207253876,0,0,270691,0,0,0,0,0,0,0
1783558646275,1783558646275,1642207253876,0,0,270692,0,0,0,0,0,0,0
1783558648365,1783558648365,1642207253876,0,0,270693,0,0,0,0,0,0,0
1783558650445,1783558650445,1642207253876,0,0,270694,0,0,0,0,0,0,0
1783558652540,1783558652540,1642207253876,0,0,270695,0,0,0,0,0,0,0
1783558654615,1783558654615,1642207253876,0,0,270696,0,0,0,0,0,0,0
1783558656706,1783558656706,1642207253876,0,0,270697,0,0,0,0,0,0,0
1783558658773,1783558658773,1642207253876,0,0,270698,0,0,0,0,0,0,0
1783558660889,1783558660889,1642207253876,0,0,270699,0,0,0,0,0,0,0
1783558662969,1783558662969,1642207253876,0,0,270700,0,0,0,0,0,0,0
1783558665066,1783558665066,1642207253876,0,0,270701,0,0,0,0,0,0,0
1783558667158,1783558667158,1642207253876,0,0,270702,0,0,0,0,0,0,0
1783558669232,1783558669232,1642207253876,0,0,270703,0,0,0,0,0,0,0
1783558671311,1783558671311,1642207253876,0,0,270704,0,0,0,0,0,0,0
1783558673402,1783558673402,1642207253876,0,0,270705,0,0,0,0,0,0,0
1783558675495,1783558675495,1642207253876,0,0,270706,0,0,0,0,0,0,0
1783558677580,1783558677579,1642207253876,0,0,270707,0,0,0,0,0,0,0
1783558679678,1783558679678,1642207253876,0,0,270708,0,0,0,0,0,0,0
1783558681761,1783558681761,1642207253876,0,0,270709,0,0,0,0,0,0,0
1783558683846,1783558683846,1642207253876,0,0,270710,0,0,0,0,0,0,0
1783558685920,1783558685920,1642207253876,0,0,270711,0,0,0,0,0,0,0
1783558687983,1783558687982,1642207253876,0,0,270712,0,0,0,0,0,0,0
1783558690046,1783558690046,1642207253876,0,0,270713,0,0,0,0,0,0,0
1783558692111,1783558692111,1642207253876,0,0,270714,0,0,0,0,0,0,0
1783558694182,1783558694182,1642207253876,0,0,270715,0,0,0,0,0,0,0
1783558696264,1783558696264,1642207253876,0,0,270716,0,0,0,0,0,0,0
1783558698360,1783558698360,1642207253876,0,0,270717,0,0,0,0,0,0,0
1783558700453,1783558700453,1642207253876,0,0,270718,0,0,0,0,0,0,0
1783558702513,1783558702513,1642207253876,0,0,270719,0,0,0,0,0,0,0
1783558704586,1783558704586,1642207253876,0,0,270720,0,0,0,0,0,0,0
1783558706683,1783558706683,1642207253876,0,0,270721,0,0,0,0,0,0,0
1783558708767,1783558708767,1642207253876,0,0,270722,0,0,0,0,0,0,0
1783558710834,1783558710834,1642207253876,0,0,270723,0,0,0,0,0,0,0
1783558712898,1783558712898,1642207253876,0,0,270724,0,0,0,0,0,0,0
1783558714983,1783558714983,1642207253876,0,0,270725,0,0,0,0,0,0,0
1783558717045,1783558717045,1642207253876,0,0,270726,0,0,0,0,0,0,0
1783558719116,1783558719116,1642207253876,0,0,270727,0,0,0,0,0,0,0
1783558721208,1783558721208,1642207253876,0,0,270728,0,0,0,0,0,0,0
1783558723300,1783558723300,1642207253876,0,0,270729,0,0,0,0,0,0,0
1783558725366,1783558725366,1642207253876,0,0,270730,0,0,0,0,0,0,0
1783558727451,1783558727451,1642207253876,0,0,270731,0,0,0,0,0,0,0
1783558729537,1783558729537,1642207253876,0,0,270732,0,0,0,0,0,0,0
1783558731669,1783558731669,1642207253876,0,0,270733,0,0,0,0,0,0,0
1783558733747,1783558733747,1642207253876,0,0,270734,0,0,0,0,0,0,0
1783558735835,1783558735835,1642207253876,0,0,270735,0,0,0,0,0,0,0
1783558737893,1783558737893,1642207253876,0,0,270736,0,0,0,0,0,0,0
1783558739982,1783558739982,1642207253876,0,0,270737,0,0,0,0,0,0,0
1783558742063,1783558742062,1642207253876,0,0,270738,0,0,0,0,0,0,0
1783558744135,1783558744135,1642207253876,0,0,270739,0,0,0,0,0,0,0
1783558746222,1783558746222,1642207253876,0,0,270740,0,0,0,0,0,0,0
1783558748292,1783558748292,1642207253876,0,0,270741,0,0,0,0,0,0,0
1783558750346,1783558750346,1642207253876,0,0,270742,0,0,0,0,0,0,0
1783558752440,1783558752440,1642207253876,0,0,270743,0,0,0,0,0,0,0
1783558754507,1783558754507,1642207253876,0,0,270744,0,0,0,0,0,0,0
1783558756602,1783558756601,1642207253876,0,0,270745,0,0,0,0,0,0,0
1783558758685,1783558758684,1642207253876,0,0,270746,0,0,0,0,0,0,0
1783558760775,1783558760775,1642207253876,0,0,270747,0,0,0,0,0,0,0
1783558762871,1783558762871,1642207253876,0,0,270748,0,0,0,0,0,0,0
1783558764946,1783558764946,1642207253876,0,0,270749,0,0,0,0,0,0,0
1783558767034,1783558767034,1642207253876,0,0,270750,0,0,0,0,0,0,0
1783558769114,1783558769114,1642207253876,0,0,270751,0,0,0,0,0,0,0
1783558771185,1783558771184,1642207253876,0,0,270752,0,0,0,0,0,0,0
1783558773267,1783558773267,1642207253876,0,0,270753,0,0,0,0,0,0,0
1783558775360,1783558775360,1642207253876,0,0,270754,0,0,0,0,0,0,0
1783558777451,1783558777451,1642207253876,0,0,270755,0,0,0,0,0,0,0
1783558779537,1783558779537,1642207253876,0,0,270756,0,0,0,0,0,0,0
1783558781615,1783558781615,1642207253876,0,0,270757,0,0,0,0,0,0,0
1783558783711,1783558783711,1642207253876,0,0,270758,0,0,0,0,0,0,0
1783558785805,1783558785805,1642207253876,0,0,270759,0,0,0,0,0,0,0
1783558787873,1783558787873,1642207253876,0,0,270760,0,0,0,0,0,0,0
1783558789946,1783558789946,1642207253876,0,0,270761,0,0,0,0,0,0,0
1783558791998,1783558791998,1642207253876,0,0,270762,0,0,0,0,0,0,0
1783558794089,1783558794089,1642207253876,0,0,270763,0,0,0,0,0,0,0
1783558796173,1783558796173,1642207253876,0,0,270764,0,0,0,0,0,0,0
1783558798264,1783558798264,1642207253876,0,0,270765,0,0,0,0,0,0,0
1783558800343,1783558800343,1642207253876,0,0,270766,0,0,0,0,0,0,0
1783558802410,1783558802410,1642207253876,0,0,270767,0,0,0,0,0,0,0
1783558804472,1783558804472,1642207253876,0,0,270768,0,0,0,0,0,0,0
1783558806531,1783558806531,1642207253876,0,0,270769,0,0,0,0,0,0,0
1783558808624,1783558808624,1642207253876,0,0,270770,0,0,0,0,0,0,0
1783558810681,1783558810681,1642207253876,0,0,270771,0,0,0,0,0,0,0
1783558812768,1783558812768,1642207253876,0,0,270772,0,0,0,0,0,0,0
1783558814860,1783558814860,1642207253876,0,0,270773,0,0,0,0,0,0,0
1783558816960,1783558816960,1642207253876,0,0,270774,0,0,0,0,0,0,0
1783558819035,1783558819035,1642207253876,0,0,270775,0,0,0,0,0,0,0
1783558821112,1783558821112,1642207253876,0,0,270776,0,0,0,0,0,0,0
1783558823182,1783558823182,1642207253876,0,0,270777,0,0,0,0,0,0,0
1783558825273,1783558825273,1642207253876,0,0,270778,0,0,0,0,0,0,0
1783558827337,1783558827337,1642207253876,0,0,270779,0,0,0,0,0,0,0
1783558829418,1783558829418,1642207253876,0,0,270780,0,0,0,0,0,0,0
1783558831505,1783558831505,1642207253876,0,0,270781,0,0,0,0,0,0,0
1783558833573,1783558833573,1642207253876,0,0,270782,0,0,0,0,0,0,0
1783558835656,1783558835656,1642207253876,0,0,270783,0,0,0,0,0,0,0
1783558837728,1783558837728,1642207253876,0,0,270784,0,0,0,0,0,0,0
1783558839813,1783558839812,1642207253876,0,0,270785,0,0,0,0,0,0,0
1783558841882,1783558841882,1642207253876,0,0,270786,0,0,0,0,0,0,0
1783558843966,1783558843966,1642207253876,0,0,270787,0,0,0,0,0,0,0
1783558846054,1783558846054,1642207253876,0,0,270788,0,0,0,0,0,0,0
1783558848148,1783558848148,1642207253876,0,0,270789,0,0,0,0,0,0,0
1783558850242,1783558850242,1642207253876,0,0,270790,0,0,0,0,0,0,0
1783558852302,1783558852302,1642207253876,0,0,270791,0,0,0,0,0,0,0
1783558854369,1783558854369,1642207253876,0,0,270792,0,0,0,0,0,0,0
1783558856456,1783558856456,1642207253876,0,0,270793,0,0,0,0,0,0,0
1783558858548,1783558858548,1642207253876,0,0,270794,0,0,0,0,0,0,0
1783558860626,1783558860626,1642207253876,0,0,270795,0,0,0,0,0,0,0
1783558862702,1783558862702,1642207253876,0,0,270796,0,0,0,0,0,0,0
1783558864764,1783558864764,1642207253876,0,0,270797,0,0,0,0,0,0,0
1783558866837,1783558866836,1642207253876,0,0,270798,0,0,0,0,0,0,0
1783558868927,1783558868927,1642207253876,0,0,270799,0,0,0,0,0,0,0
1783558871022,1783558871022,1642207253876,0,0,270800,0,0,0,0,0,0,0
1783558873079,1783558873079,1642207253876,0,0,270801,0,0,0,0,0,0,0
1783558875165,1783558875165,1642207253876,0,0,270802,0,0,0,0,0,0,0
1783558877256,1783558877256,1642207253876,0,0,270803,0,0,0,0,0,0,0
1783558879345,1783558879345,1642207253876,0,0,270804,0,0,0,0,0,0,0
1783558881407,1783558881407,1642207253876,0,0,270805,0,0,0,0,0,0,0
1783558883490,1783558883490,1642207253876,0,0,270806,0,0,0,0,0,0,0
1783558885576,1783558885575,1642207253876,0,0,270807,0,0,0,0,0,0,0
1783558887663,1783558887663,1642207253876,0,0,270808,0,0,0,0,0,0,0
1783558889728,1783558889728,1642207253876,0,0,270809,0,0,0,0,0,0,0
1783558891806,1783558891806,1642207253876,0,0,270810,0,0,0,0,0,0,0
1783558893891,1783558893891,1642207253876,0,0,270811,0,0,0,0,0,0,0
1783558895971,1783558895971,1642207253876,0,0,270812,0,0,0,0,0,0,0
1783558898068,1783558898068,1642207253876,0,0,270813,0,0,0,0,0,0,0
1783558900149,1783558900149,1642207253876,0,0,270814,0,0,0,0,0,0,0
1783558902214,1783558902214,1642207253876,0,0,270815,0,0,0,0,0,0,0
1783558904295,1783558904295,1642207253876,0,0,270816,0,0,0,0,0,0,0
1783558906386,1783558906386,1642207253876,0,0,270817,0,0,0,0,0,0,0
1783558908451,1783558908451,1642207253876,0,0,270818,0,0,0,0,0,0,0
1783558910527,1783558910527,1642207253876,0,0,270819,0,0,0,0,0,0,0
1783558912626,1783558912626,1642207253876,0,0,270820,0,0,0,0,0,0,0
1783558914696,1783558914696,1642207253876,0,0,270821,0,0,0,0,0,0,0
1783558916776,1783558916776,1642207253876,0,0,270822,0,0,0,0,0,0,0
1783558918849,1783558918849,1642207253876,0,0,270823,0,0,0,0,0,0,0
1783558920940,1783558920940,1642207253876,0,0,270824,0,0,0,0,0,0,0
1783558923017,1783558923017,1642207253876,0,0,270825,0,0,0,0,0,0,0
1783558925104,1783558925104,1642207253876,0,0,270826,0,0,0,0,0,0,0
1783558927190,1783558927190,1642207253876,0,0,270827,0,0,0,0,0,0,0
1783558929248,1783558929248,1642207253876,0,0,270828,0,0,0,0,0,0,0
1783558931341,1783558931341,1642207253876,0,0,270829,0,0,0,0,0,0,0
1783558933425,1783558933425,1642207253876,0,0,270830,0,0,0,0,0,0,0
1783558935506,1783558935506,1642207253876,0,0,270831,0,0,0,0,0,0,0
1783558937579,1783558937579,1642207253876,0,0,270832,0,0,0,0,0,0,0
1783558939647,1783558939647,1642207253876,0,0,270833,0,0,0,0,0,0,0
1783558941730,1783558941730,1642207253876,0,0,270834,0,0,0,0,0,0,0
1783558943801,1783558943801,1642207253876,0,0,270835,0,0,0,0,0,0,0
1783558945893,1783558945893,1642207253876,0,0,270836,0,0,0,0,0,0,0
1783558947982,1783558947982,1642207253876,0,0,270837,0,0,0,0,0,0,0
1783558950074,1783558950074,1642207253876,0,0,270838,0,0,0,0,0,0,0
1783558952146,1783558952146,1642207253876,0,0,270839,0,0,0,0,0,0,0
1783558954240,1783558954240,1642207253876,0,0,270840,0,0,0,0,0,0,0
1783558956328,1783558956327,1642207253876,0,0,270841,0,0,0,0,0,0,0
1783558958420,1783558958420,1642207253876,0,0,270842,0,0,0,0,0,0,0
1783558960522,1783558960522,1642207253876,0,0,270843,0,0,0,0,0,0,0
1783558962592,1783558962592,1642207253876,0,0,270844,0,0,0,0,0,0,0
1783558964659,1783558964659,1642207253876,0,0,270845,0,0,0,0,0,0,0
1783558966743,1783558966743,1642207253876,0,0,270846,0,0,0,0,0,0,0
1783558968833,1783558968833,1642207253876,0,0,270847,0,0,0,0,0,0,0
1783558970907,1783558970907,1642207253876,0,0,270848,0,0,0,0,0,0,0
1783558973002,1783558973002,1642207253876,0,0,270849,0,0,0,0,0,0,0
1783558975091,1783558975091,1642207253876,0,0,270850,0,0,0,0,0,0,0
1783558977189,1783558977189,1642207253876,0,0,270851,0,0,0,0,0,0,0
1783558979288,1783558979288,1642207253876,0,0,270852,0,0,0,0,0,0,0
1783558981353,1783558981353,1642207253876,0,0,270853,0,0,0,0,0,0,0
1783558983436,1783558983435,1642207253876,0,0,270854,0,0,0,0,0,0,0
1783558985536,1783558985536,1642207253876,0,0,270855,0,0,0,0,0,0,0
1783558987604,1783558987604,1642207253876,0,0,270856,0,0,0,0,0,0,0
1783558989662,1783558989662,1642207253876,0,0,270857,0,0,0,0,0,0,0
1783558991751,1783558991751,1642207253876,0,0,270858,0,0,0,0,0,0,0
1783558993832,1783558993832,1642207253876,0,0,270859,0,0,0,0,0,0,0
1783558995911,1783558995911,1642207253876,0,0,270860,0,0,0,0,0,0,0
1783558997997,1783558997997,1642207253876,0,0,270861,0,0,0,0,0,0,0
1783559000073,1783559000073,1642207253876,0,0,270862,0,0,0,0,0,0,0
1783559002154,1783559002154,1642207253876,0,0,270863,0,0,0,0,0,0,0
1783559004232,1783559004231,1642207253876,0,0,270864,0,0,0,0,0,0,0
1783559006328,1783559006328,1642207253876,0,0,270865,0,0,0,0,0,0,0
1783559008418,1783559008418,1642207253876,0,0,270866,0,0,0,0,0,0,0
1783559010486,1783559010486,1642207253876,0,0,270867,0,0,0,0,0,0,0
1783559012551,1783559012551,1642207253876,0,0,270868,0,0,0,0,0,0,0
1783559014644,1783559014644,1642207253876,0,0,270869,0,0,0,0,0,0,0
1783559016735,1783559016735,1642207253876,0,0,270870,0,0,0,0,0,0,0
1783559018817,1783559018817,1642207253876,0,0,270871,0,0,0,0,0,0,0
1783559020900,1783559020900,1642207253876,0,0,270872,0,0,0,0,0,0,0
1783559022995,1783559022995,1642207253876,0,0,270873,0,0,0,0,0,0,0
1783559025080,1783559025080,1642207253876,0,0,270874,0,0,0,0,0,0,0
1783559027152,1783559027152,1642207253876,0,0,270875,0,0,0,0,0,0,0
1783559029244,1783559029244,1642207253876,0,0,270876,0,0,0,0,0,0,0
1783559031356,1783559031356,1642207253876,0,0,270877,0,0,0,0,0,0,0
1783559033422,1783559033422,1642207253876,0,0,270878,0,0,0,0,0,0,0
1783559035490,1783559035490,1642207253876,0,0,270879,0,0,0,0,0,0,0
1783559037638,1783559037638,1642207253876,0,0,270880,0,0,0,0,0,0,0
1783559039732,1783559039732,1642207253876,0,0,270881,0,0,0,0,0,0,0
1783559041817,1783559041817,1642207253876,0,0,270882,0,0,0,0,0,0,0
1783559043884,1783559043884,1642207253876,0,0,270883,0,0,0,0,0,0,0
1783559045963,1783559045963,1642207253876,0,0,270884,0,0,0,0,0,0,0
1783559048037,1783559048037,1642207253876,0,0,270885,0,0,0,0,0,0,0
1783559050113,1783559050113,1642207253876,0,0,270886,0,0,0,0,0,0,0
1783559052206,1783559052206,1642207253876,0,0,270887,0,0,0,0,0,0,0
1783559054295,1783559054295,1642207253876,0,0,270888,0,0,0,0,0,0,0
1783559056356,1783559056356,1642207253876,0,0,270889,0,0,0,0,0,0,0
1783559058425,1783559058425,1642207253876,0,0,270890,0,0,0,0,0,0,0
1783559060496,1783559060496,1642207253876,0,0,270891,0,0,0,0,0,0,0
1783559062574,1783559062574,1642207253876,0,0,270892,0,0,0,0,0,0,0
1783559064643,1783559064643,1642207253876,0,0,270893,0,0,0,0,0,0,0
1783559066728,1783559066728,1642207253876,0,0,270894,0,0,0,0,0,0,0
1783559068813,1783559068813,1642207253876,0,0,270895,0,0,0,0,0,0,0
1783559070910,1783559070910,1642207253876,0,0,270896,0,0,0,0,0,0,0
1783559072994,1783559072993,1642207253876,0,0,270897,0,0,0,0,0,0,0
1783559075068,1783559075068,1642207253876,0,0,270898,0,0,0,0,0,0,0
1783559077146,1783559077146,1642207253876,0,0,270899,0,0,0,0,0,0,0
1783559079239,1783559079239,1642207253876,0,0,270900,0,0,0,0,0,0,0
1783559081303,1783559081303,1642207253876,0,0,270901,0,0,0,0,0,0,0
1783559083393,1783559083393,1642207253876,0,0,270902,0,0,0,0,0,0,0
1783559085487,1783559085487,1642207253876,0,0,270903,0,0,0,0,0,0,0
1783559087568,1783559087567,1642207253876,0,0,270904,0,0,0,0,0,0,0
1783559089629,1783559089629,1642207253876,0,0,270905,0,0,0,0,0,0,0
1783559091693,1783559091693,1642207253876,0,0,270906,0,0,0,0,0,0,0
1783559093751,1783559093751,1642207253876,0,0,270907,0,0,0,0,0,0,0
1783559095849,1783559095849,1642207253876,0,0,270908,0,0,0,0,0,0,0
1783559097932,1783559097932,1642207253876,0,0,270909,0,0,0,0,0,0,0
1783559100001,1783559100001,1642207253876,0,0,270910,0,0,0,0,0,0,0
1783559102081,1783559102081,1642207253876,0,0,270911,0,0,0,0,0,0,0
1783559104169,1783559104169,1642207253876,0,0,270912,0,0,0,0,0,0,0
1783559106241,1783559106241,1642207253876,0,0,270913,0,0,0,0,0,0,0
1783559108321,1783559108321,1642207253876,0,0,270914,0,0,0,0,0,0,0
1783559110380,1783559110380,1642207253876,0,0,270915,0,0,0,0,0,0,0
1783559112469,1783559112469,1642207253876,0,0,270916,0,0,0,0,0,0,0
1783559114559,1783559114559,1642207253876,0,0,270917,0,0,0,0,0,0,0
1783559116636,1783559116636,1642207253876,0,0,270918,0,0,0,0,0,0,0
1783559118709,1783559118709,1642207253876,0,0,270919,0,0,0,0,0,0,0
1783559120800,1783559120800,1642207253876,0,0,270920,0,0,0,0,0,0,0
1783559122889,1783559122889,1642207253876,0,0,270921,0,0,0,0,0,0,0
1783559124957,1783559124957,1642207253876,0,0,270922,0,0,0,0,0,0,0
1783559127051,1783559127051,1642207253876,0,0,270923,0,0,0,0,0,0,0
1783559129145,1783559129145,1642207253876,0,0,270924,0,0,0,0,0,0,0
1783559131235,1783559131235,1642207253876,0,0,270925,0,0,0,0,0,0,0
1783559133320,1783559133320,1642207253876,0,0,270926,0,0,0,0,0,0,0
1783559135402,1783559135402,1642207253876,0,0,270927,0,0,0,0,0,0,0
1783559137498,1783559137498,1642207253876,0,0,270928,0,0,0,0,0,0,0
1783559139575,1783559139575,1642207253876,0,0,270929,0,0,0,0,0,0,0
1783559141671,1783559141671,1642207253876,0,0,270930,0,0,0,0,0,0,0
1783559143757,1783559143757,1642207253876,0,0,270931,0,0,0,0,0,0,0
1783559145845,1783559145845,1642207253876,0,0,270932,0,0,0,0,0,0,0
1783559147907,1783559147906,1642207253876,0,0,270933,0,0,0,0,0,0,0
1783559150026,1783559150026,1642207253876,0,0,270934,0,0,0,0,0,0,0
1783559152098,1783559152098,1642207253876,0,0,270935,0,0,0,0,0,0,0
1783559154189,1783559154189,1642207253876,0,0,270936,0,0,0,0,0,0,0
1783559156283,1783559156283,1642207253876,0,0,270937,0,0,0,0,0,0,0
1783559158373,1783559158373,1642207253876,0,0,270938,0,0,0,0,0,0,0
1783559160463,1783559160463,1642207253876,0,0,270939,0,0,0,0,0,0,0
1783559162532,1783559162532,1642207253876,0,0,270940,0,0,0,0,0,0,0
1783559164632,1783559164632,1642207253876,0,0,270941,0,0,0,0,0,0,0
1783559166718,1783559166717,1642207253876,0,0,270942,0,0,0,0,0,0,0
1783559168826,1783559168826,1642207253876,0,0,270943,0,0,0,0,0,0,0
1783559170924,1783559170924,1642207253876,0,0,270944,0,0,0,0,0,0,0
1783559173011,1783559173011,1642207253876,0,0,270945,0,0,0,0,0,0,0
1783559175104,1783559175104,1642207253876,0,0,270946,0,0,0,0,0,0,0
1783559177199,1783559177199,1642207253876,0,0,270947,0,0,0,0,0,0,0
1783559179292,1783559179291,1642207253876,0,0,270948,0,0,0,0,0,0,0
1783559181388,1783559181388,1642207253876,0,0,270949,0,0,0,0,0,0,0
1783559183485,1783559183485,1642207253876,0,0,270950,0,0,0,0,0,0,0
1783559185605,1783559185605,1642207253876,0,0,270951,0,0,0,0,0,0,0
1783559187700,1783559187700,1642207253876,0,0,270952,0,0,0,0,0,0,0
1783559189798,1783559189798,1642207253876,0,0,270953,0,0,0,0,0,0,0
1783559191886,1783559191886,1642207253876,0,0,270954,0,0,0,0,0,0,0
1783559193980,1783559193980,1642207253876,0,0,270955,0,0,0,0,0,0,0
1783559196051,1783559196051,1642207253876,0,0,270956,0,0,0,0,0,0,0
1783559198136,1783559198136,1642207253876,0,0,270957,0,0,0,0,0,0,0
1783559200214,1783559200214,1642207253876,0,0,270958,0,0,0,0,0,0,0
1783559202308,1783559202308,1642207253876,0,0,270959,0,0,0,0,0,0,0
1783559204402,1783559204402,1642207253876,0,0,270960,0,0,0,0,0,0,0
1783559206496,1783559206496,1642207253876,0,0,270961,0,0,0,0,0,0,0
1783559208550,1783559208550,1642207253876,0,0,270962,0,0,0,0,0,0,0
1783559210632,1783559210632,1642207253876,0,0,270963,0,0,0,0,0,0,0
1783559212730,1783559212730,1642207253876,0,0,270964,0,0,0,0,0,0,0
1783559214806,1783559214806,1642207253876,0,0,270965,0,0,0,0,0,0,0
1783559216899,1783559216898,1642207253876,0,0,270966,0,0,0,0,0,0,0
1783559218994,1783559218994,1642207253876,0,0,270967,0,0,0,0,0,0,0
1783559221077,1783559221077,1642207253876,0,0,270968,0,0,0,0,0,0,0
1783559223151,1783559223151,1642207253876,0,0,270969,0,0,0,0,0,0,0
1783559225226,1783559225226,1642207253876,0,0,270970,0,0,0,0,0,0,0
1783559227303,1783559227303,1642207253876,0,0,270971,0,0,0,0,0,0,0
1783559229379,1783559229379,1642207253876,0,0,270972,0,0,0,0,0,0,0
1783559231471,1783559231471,1642207253876,0,0,270973,0,0,0,0,0,0,0
1783559233562,1783559233562,1642207253876,0,0,270974,0,0,0,0,0,0,0
1783559235651,1783559235651,1642207253876,0,0,270975,0,0,0,0,0,0,0
1783559239814,1783559239814,1642207253876,0,0,270976,0,0,0,0,0,0,0
1783559241893,1783559241893,1642207253876,0,0,270977,0,0,0,0,0,0,0
1783559243980,1783559243980,1642207253876,0,0,270978,0,0,0,0,0,0,0
1783559246077,1783559246077,1642207253876,0,0,270979,0,0,0,0,0,0,0
1783559248145,1783559248145,1642207253876,0,0,270980,0,0,0,0,0,0,0
1783559250231,1783559250231,1642207253876,0,0,270981,0,0,0,0,0,0,0
1783559252297,1783559252297,1642207253876,0,0,270982,0,0,0,0,0,0,0
1783559254361,1783559254361,1642207253876,0,0,270983,0,0,0,0,0,0,0
1783559256419,1783559256419,1642207253876,0,0,270984,0,0,0,0,0,0,0
1783559258477,1783559258477,1642207253876,0,0,270985,0,0,0,0,0,0,0
1783559260566,1783559260566,1642207253876,0,0,270986,0,0,0,0,0,0,0
1783559262644,1783559262644,1642207253876,0,0,270987,0,0,0,0,0,0,0
1783559264717,1783559264717,1642207253876,0,0,270988,0,0,0,0,0,0,0
1783559266810,1783559266810,1642207253876,0,0,270989,0,0,0,0,0,0,0
1783559268896,1783559268896,1642207253876,0,0,270990,0,0,0,0,0,0,0
1783559270977,1783559270977,1642207253876,0,0,270991,0,0,0,0,0,0,0
1783559273056,1783559273056,1642207253876,0,0,270992,0,0,0,0,0,0,0
1783559275123,1783559275123,1642207253876,0,0,270993,0,0,0,0,0,0,0
1783559277206,1783559277206,1642207253876,0,0,270994,0,0,0,0,0,0,0
1783559279286,1783559279286,1642207253876,0,0,270995,0,0,0,0,0,0,0
1783559281377,1783559281377,1642207253876,0,0,270996,0,0,0,0,0,0,0
1783559283466,1783559283466,1642207253876,0,0,270997,0,0,0,0,0,0,0
1783559285557,1783559285557,1642207253876,0,0,270998,0,0,0,0,0,0,0
1783559287619,1783559287619,1642207253876,0,0,270999,0,0,0,0,0,0,0
1783559289691,1783559289691,1642207253876,0,0,271000,0,0,0,0,0,0,0
1783559291786,1783559291786,1642207253876,0,0,271001,0,0,0,0,0,0,0
1783559293846,1783559293846,1642207253876,0,0,271002,0,0,0,0,0,0,0
1783559295931,1783559295931,1642207253876,0,0,271003,0,0,0,0,0,0,0
1783559297997,1783559297997,1642207253876,0,0,271004,0,0,0,0,0,0,0
1783559300089,1783559300089,1642207253876,0,0,271005,0,0,0,0,0,0,0
1783559302173,1783559302173,1642207253876,0,0,271006,0,0,0,0,0,0,0
1783559304240,1783559304240,1642207253876,0,0,271007,0,0,0,0,0,0,0
1783559306329,1783559306329,1642207253876,0,0,271008,0,0,0,0,0,0,0
1783559308417,1783559308417,1642207253876,0,0,271009,0,0,0,0,0,0,0
1783559310475,1783559310475,1642207253876,0,0,271010,0,0,0,0,0,0,0
1783559312540,1783559312540,1642207253876,0,0,271011,0,0,0,0,0,0,0
1783559314634,1783559314634,1642207253876,0,0,271012,0,0,0,0,0,0,0
1783559316709,1783559316709,1642207253876,0,0,271013,0,0,0,0,0,0,0
1783559318794,1783559318794,1642207253876,0,0,271014,0,0,0,0,0,0,0
1783559320893,1783559320893,1642207253876,0,0,271015,0,0,0,0,0,0,0
1783559322958,1783559322958,1642207253876,0,0,271016,0,0,0,0,0,0,0
1783559325018,1783559325018,1642207253876,0,0,271017,0,0,0,0,0,0,0
1783559327112,1783559327112,1642207253876,0,0,271018,0,0,0,0,0,0,0
1783559329190,1783559329190,1642207253876,0,0,271019,0,0,0,0,0,0,0
1783559331429,1783559331429,1642207253876,0,0,271020,0,0,0,0,0,0,0
1783559333483,1783559333483,1642207253876,0,0,271021,0,0,0,0,0,0,0
1783559335575,1783559335575,1642207253876,0,0,271022,0,0,0,0,0,0,0
1783559337670,1783559337670,1642207253876,0,0,271023,0,0,0,0,0,0,0
1783559339745,1783559339745,1642207253876,0,0,271024,0,0,0,0,0,0,0
1783559341822,1783559341822,1642207253876,0,0,271025,0,0,0,0,0,0,0
1783559343906,1783559343906,1642207253876,0,0,271026,0,0,0,0,0,0,0
1783559345969,1783559345969,1642207253876,0,0,271027,0,0,0,0,0,0,0
1783559348059,1783559348059,1642207253876,0,0,271028,0,0,0,0,0,0,0
1783559350134,1783559350134,1642207253876,0,0,271029,0,0,0,0,0,0,0
1783559352200,1783559352200,1642207253876,0,0,271030,0,0,0,0,0,0,0
1783559354291,1783559354291,1642207253876,0,0,271031,0,0,0,0,0,0,0
1783559356355,1783559356355,1642207253876,0,0,271032,0,0,0,0,0,0,0
1783559358436,1783559358436,1642207253876,0,0,271033,0,0,0,0,0,0,0
1783559360528,1783559360528,1642207253876,0,0,271034,0,0,0,0,0,0,0
1783559362602,1783559362602,1642207253876,0,0,271035,0,0,0,0,0,0,0
1783559364702,1783559364702,1642207253876,0,0,271036,0,0,0,0,0,0,0
1783559366769,1783559366768,1642207253876,0,0,271037,0,0,0,0,0,0,0
1783559368857,1783559368857,1642207253876,0,0,271038,0,0,0,0,0,0,0
1783559370920,1783559370920,1642207253876,0,0,271039,0,0,0,0,0,0,0
1783559373008,1783559373008,1642207253876,0,0,271040,0,0,0,0,0,0,0
1783559375119,1783559375119,1642207253876,0,0,271041,0,0,0,0,0,0,0
1783559377189,1783559377189,1642207253876,0,0,271042,0,0,0,0,0,0,0
1783559379281,1783559379281,1642207253876,0,0,271043,0,0,0,0,0,0,0
1783559381379,1783559381379,1642207253876,0,0,271044,0,0,0,0,0,0,0
1783559383461,1783559383460,1642207253876,0,0,271045,0,0,0,0,0,0,0
1783559385550,1783559385550,1642207253876,0,0,271046,0,0,0,0,0,0,0
1783559387634,1783559387634,1642207253876,0,0,271047,0,0,0,0,0,0,0
1783559389705,1783559389705,1642207253876,0,0,271048,0,0,0,0,0,0,0
1783559391794,1783559391794,1642207253876,0,0,271049,0,0,0,0,0,0,0
1783559393891,1783559393891,1642207253876,0,0,271050,0,0,0,0,0,0,0
1783559395981,1783559395981,1642207253876,0,0,271051,0,0,0,0,0,0,0
1783559398070,1783559398070,1642207253876,0,0,271052,0,0,0,0,0,0,0
1783559400142,1783559400142,1642207253876,0,0,271053,0,0,0,0,0,0,0
1783559402224,1783559402224,1642207253876,0,0,271054,0,0,0,0,0,0,0
1783559404307,1783559404307,1642207253876,0,0,271055,0,0,0,0,0,0,0
1783559406397,1783559406397,1642207253876,0,0,271056,0,0,0,0,0,0,0
1783559408495,1783559408495,1642207253876,0,0,271057,0,0,0,0,0,0,0
1783559410576,1783559410576,1642207253876,0,0,271058,0,0,0,0,0,0,0
1783559412647,1783559412647,1642207253876,0,0,271059,0,0,0,0,0,0,0
1783559414721,1783559414721,1642207253876,0,0,271060,0,0,0,0,0,0,0
1783559416805,1783559416805,1642207253876,0,0,271061,0,0,0,0,0,0,0
1783559418903,1783559418903,1642207253876,0,0,271062,0,0,0,0,0,0,0
1783559420969,1783559420969,1642207253876,0,0,271063,0,0,0,0,0,0,0
1783559423037,1783559423037,1642207253876,0,0,271064,0,0,0,0,0,0,0
1783559425103,1783559425103,1642207253876,0,0,271065,0,0,0,0,0,0,0
1783559427159,1783559427159,1642207253876,0,0,271066,0,0,0,0,0,0,0
1783559429256,1783559429256,1642207253876,0,0,271067,0,0,0,0,0,0,0
1783559431329,1783559431329,1642207253876,0,0,271068,0,0,0,0,0,0,0
1783559433404,1783559433404,1642207253876,0,0,271069,0,0,0,0,0,0,0
1783559435472,1783559435472,1642207253876,0,0,271070,0,0,0,0,0,0,0
1783559437566,1783559437566,1642207253876,0,0,271071,0,0,0,0,0,0,0
1783559439649,1783559439649,1642207253876,0,0,271072,0,0,0,0,0,0,0
1783559441729,1783559441729,1642207253876,0,0,271073,0,0,0,0,0,0,0
1783559443814,1783559443814,1642207253876,0,0,271074,0,0,0,0,0,0,0
1783559445906,1783559445906,1642207253876,0,0,271075,0,0,0,0,0,0,0
1783559447975,1783559447975,1642207253876,0,0,271076,0,0,0,0,0,0,0
1783559450054,1783559450054,1642207253876,0,0,271077,0,0,0,0,0,0,0
1783559452133,1783559452133,1642207253876,0,0,271078,0,0,0,0,0,0,0
1783559454205,1783559454205,1642207253876,0,0,271079,0,0,0,0,0,0,0
1783559456291,1783559456290,1642207253876,0,0,271080,0,0,0,0,0,0,0
1783559458350,1783559458350,1642207253876,0,0,271081,0,0,0,0,0,0,0
1783559460422,1783559460422,1642207253876,0,0,271082,0,0,0,0,0,0,0
1783559462511,1783559462511,1642207253876,0,0,271083,0,0,0,0,0,0,0
1783559464609,1783559464609,1642207253876,0,0,271084,0,0,0,0,0,0,0
1783559466702,1783559466701,1642207253876,0,0,271085,0,0,0,0,0,0,0
1783559468792,1783559468792,1642207253876,0,0,271086,0,0,0,0,0,0,0
1783559470891,1783559470891,1642207253876,0,0,271087,0,0,0,0,0,0,0
1783559472980,1783559472980,1642207253876,0,0,271088,0,0,0,0,0,0,0
1783559475057,1783559475057,1642207253876,0,0,271089,0,0,0,0,0,0,0
1783559477150,1783559477150,1642207253876,0,0,271090,0,0,0,0,0,0,0
1783559479242,1783559479242,1642207253876,0,0,271091,0,0,0,0,0,0,0
1783559481310,1783559481310,1642207253876,0,0,271092,0,0,0,0,0,0,0
1783559483374,1783559483374,1642207253876,0,0,271093,0,0,0,0,0,0,0
1783559485460,1783559485460,1642207253876,0,0,271094,0,0,0,0,0,0,0
1783559487539,1783559487539,1642207253876,0,0,271095,0,0,0,0,0,0,0
1783559489630,1783559489630,1642207253876,0,0,271096,0,0,0,0,0,0,0
1783559491732,1783559491732,1642207253876,0,0,271097,0,0,0,0,0,0,0
1783559493810,1783559493810,1642207253876,0,0,271098,0,0,0,0,0,0,0
1783559495902,1783559495901,1642207253876,0,0,271099,0,0,0,0,0,0,0
1783559497981,1783559497981,1642207253876,0,0,271100,0,0,0,0,0,0,0
1783559500074,1783559500074,1642207253876,0,0,271101,0,0,0,0,0,0,0
1783559502167,1783559502167,1642207253876,0,0,271102,0,0,0,0,0,0,0
1783559504251,1783559504251,1642207253876,0,0,271103,0,0,0,0,0,0,0
1783559506348,1783559506347,1642207253876,0,0,271104,0,0,0,0,0,0,0
1783559508432,1783559508432,1642207253876,0,0,271105,0,0,0,0,0,0,0
1783559510513,1783559510513,1642207253876,0,0,271106,0,0,0,0,0,0,0
1783559512573,1783559512573,1642207253876,0,0,271107,0,0,0,0,0,0,0
1783559514644,1783559514644,1642207253876,0,0,271108,0,0,0,0,0,0,0
1783559516733,1783559516733,1642207253876,0,0,271109,0,0,0,0,0,0,0
1783559518817,1783559518817,1642207253876,0,0,271110,0,0,0,0,0,0,0
1783559520908,1783559520908,1642207253876,0,0,271111,0,0,0,0,0,0,0
1783559522991,1783559522991,1642207253876,0,0,271112,0,0,0,0,0,0,0
1783559525066,1783559525066,1642207253876,0,0,271113,0,0,0,0,0,0,0
1783559527156,1783559527156,1642207253876,0,0,271114,0,0,0,0,0,0,0
1783559529235,1783559529235,1642207253876,0,0,271115,0,0,0,0,0,0,0
1783559531330,1783559531330,1642207253876,0,0,271116,0,0,0,0,0,0,0
1783559533413,1783559533413,1642207253876,0,0,271117,0,0,0,0,0,0,0
1783559535490,1783559535490,1642207253876,0,0,271118,0,0,0,0,0,0,0
1783559537575,1783559537575,1642207253876,0,0,271119,0,0,0,0,0,0,0
1783559539664,1783559539664,1642207253876,0,0,271120,0,0,0,0,0,0,0
1783559541729,1783559541728,1642207253876,0,0,271121,0,0,0,0,0,0,0
1783559543821,1783559543821,1642207253876,0,0,271122,0,0,0,0,0,0,0
1783559545893,1783559545893,1642207253876,0,0,271123,0,0,0,0,0,0,0
1783559547979,1783559547979,1642207253876,0,0,271124,0,0,0,0,0,0,0
1783559550098,1783559550098,1642207253876,0,0,271125,0,0,0,0,0,0,0
1783559552160,1783559552160,1642207253876,0,0,271126,0,0,0,0,0,0,0
1783559554234,1783559554234,1642207253876,0,0,271127,0,0,0,0,0,0,0
1783559556325,1783559556325,1642207253876,0,0,271128,0,0,0,0,0,0,0
1783559558416,1783559558416,1642207253876,0,0,271129,0,0,0,0,0,0,0
1783559560510,1783559560510,1642207253876,0,0,271130,0,0,0,0,0,0,0
1783559562571,1783559562571,1642207253876,0,0,271131,0,0,0,0,0,0,0
1783559564644,1783559564644,1642207253876,0,0,271132,0,0,0,0,0,0,0
1783559566716,1783559566716,1642207253876,0,0,271133,0,0,0,0,0,0,0
1783559568787,1783559568787,1642207253876,0,0,271134,0,0,0,0,0,0,0
1783559570884,1783559570884,1642207253876,0,0,271135,0,0,0,0,0,0,0
1783559572978,1783559572978,1642207253876,0,0,271136,0,0,0,0,0,0,0
1783559575060,1783559575060,1642207253876,0,0,271137,0,0,0,0,0,0,0
1783559577151,1783559577151,1642207253876,0,0,271138,0,0,0,0,0,0,0
1783559579240,1783559579240,1642207253876,0,0,271139,0,0,0,0,0,0,0
1783559581334,1783559581334,1642207253876,0,0,271140,0,0,0,0,0,0,0
1783559583399,1783559583399,1642207253876,0,0,271141,0,0,0,0,0,0,0
1783559585490,1783559585490,1642207253876,0,0,271142,0,0,0,0,0,0,0
1783559587576,1783559587576,1642207253876,0,0,271143,0,0,0,0,0,0,0
1783559589643,1783559589643,1642207253876,0,0,271144,0,0,0,0,0,0,0
1783559591738,1783559591738,1642207253876,0,0,271145,0,0,0,0,0,0,0
1783559593821,1783559593821,1642207253876,0,0,271146,0,0,0,0,0,0,0
1783559595900,1783559595900,1642207253876,0,0,271147,0,0,0,0,0,0,0
1783733017037,1783733017036,1351748277749,2,2,5098,175,3100,6,0,0,0,0
1783733017307,1783733017307,1351748277749,2,2,4968,39,2450,7,1,0,0,0
1783733017557,1783733017557,1351748277749,2,2,5087,178,2650,4,0,0,0,0
1783733017848,1783733017848,1351748277749,2,2,5042,138,2650,3,0,0,0,0
1783733018135,1783733018135,1351748277749,2,2,5073,169,2800,3,0,0,0,0
1783733018395,1783733018395,1351748277749,2,2,5050,146,2650,3,0,0,0,0
1783733018662,1783733018662,1351748277749,2,2,4967,13,2000,23,4,0,0,0
1783733018944,1783733018944,1351748277749,2,2,4961,9,2150,7,1,0,0,0
1783733019207,1783733019207,1351748277749,2,2,5019,120,2800,5,0,0,0,0
1783733019489,1783733019489,1351748277749,2,2,5092,179,2800,4,0,0,0,0
1783733019758,1783733019757,1351748277749,2,2,5070,161,2650,4,0,0,0,0
1783733020190,1783733020190,1351748277749,2,2,5085,172,2800,4,0,0,0,0
1783733020481,1783733020481,1351748277749,2,2,5082,176,2800,3,0,0,0,0
1783733020762,1783733020762,1351748277749,2,2,4964,7,2400,9,2,0,0,0
1783733021044,1783733021044,1351748277749,2,2,5084,178,2650,3,0,0,0,0
1783733021323,1783733021323,1351748277749,2,2,5090,177,2800,4,0,0,0,0
1783733021600,1783733021600,1351748277749,2,2,5096,173,2650,4,0,0,0,0
1783733021884,1783733021884,1351748277749,2,2,4965,66,2650,5,0,0,0,0
1783733022144,1783733022144,1351748277749,2,2,5088,165,2650,4,0,0,0,0
1783733022426,1783733022426,1351748277749,2,2,4998,89,2800,5,0,0,0,0
1783733022797,1783733022797,1351748277749,2,2,5069,163,2650,3,0,0,0,0
1783733023077,1783733023077,1351748277749,2,2,4985,33,2300,7,1,0,0,0
1783733023359,1783733023359,1351748277749,2,2,5079,170,2800,3,0,0,0,0
1783733023639,1783733023639,1351748277749,2,2,5033,127,2650,3,0,0,0,0
1783733023917,1783733023917,1351748277749,2,2,5087,178,2800,3,0,0,0,0
1783733024196,1783733024196,1351748277749,2,2,5089,180,2800,3,0,0,0,0
1783733024478,1783733024478,1351748277749,2,2,5072,163,2650,3,0,0,0,0
1783733024759,1783733024759,1351748277749,2,2,5091,178,2800,3,0,0,0,0
1783733025041,1783733025041,1351748277749,2,2,5081,172,2800,3,0,0,0,0
1783733025321,1783733025321,1351748277749,2,2,4964,25,2600,7,1,0,0,0
1783733025601,1783733025601,1351748277749,2,2,5059,146,2650,3,0,0,0,0
1783733025866,1783733025866,1351748277749,2,2,5102,158,2900,8,1,0,0,0
1783733026129,1783733026129,1351748277749,2,2,5011,102,2650,3,0,0,0,0
1783733026407,1783733026407,1351748277749,2,2,5058,149,2800,3,0,0,0,0
1783733026687,1783733026687,1351748277749,2,2,5092,176,2950,5,0,0,0,0
1783733026966,1783733026966,1351748277749,2,2,4958,4,1900,21,6,0,0,0
1783733027250,1783733027250,1351748277749,2,2,4958,6,1950,16,2,0,0,0
1783733027531,1783733027531,1351748277749,2,2,4973,36,2600,10,1,0,0,0
1783733027807,1783733027807,1351748277749,2,2,4978,28,2200,14,3,0,0,0
1783733028119,1783733028119,1351748277749,2,2,4955,4,1450,22,7,0,0,0
1783733028495,1783733028495,1351748277749,2,2,4982,59,2800,6,0,0,0,0
1783733028777,1783733028777,1351748277749,2,2,4960,31,2650,7,0,0,0,0
1783733029057,1783733029057,1351748277749,2,2,4963,6,1600,35,10,0,0,0
1783733029338,1783733029338,1351748277749,2,2,4966,9,2300,22,4,0,0,0
1783733029620,1783733029620,1351748277749,2,2,4970,13,2100,23,5,0,0,0
1783733029900,1783733029900,1351748277749,2,2,4960,3,2600,6,1,0,0,0
1783733030179,1783733030179,1351748277749,2,2,5064,111,2350,4,0,0,0,0
1783733030441,1783733030441,1351748277749,2,2,4974,70,2650,2,0,0,0,0
1783733030723,1783733030723,1351748277749,2,2,4958,45,2500,4,0,0,0,0
1783733031008,1783733031007,1351748277749,2,2,4967,58,2650,4,0,0,0,0
1783733031272,1783733031272,1351748277749,2,2,4988,58,2500,5,0,0,0,0
1783733031555,1783733031555,1351748277749,2,2,4959,50,2500,2,0,0,0,0
1783733031820,1783733031820,1351748277749,2,2,5020,73,2450,6,1,0,0,0
1783733032083,1783733032083,1351748277749,2,2,4980,23,2300,6,1,0,0,0
1783733032360,1783733032360,1351748277749,2,2,4958,4,2150,6,1,0,0,0
1783733032641,1783733032641,1351748277749,2,2,4959,9,2300,6,1,0,0,0
1783733032921,1783733032921,1351748277749,2,2,4958,1,2300,6,1,0,0,0
1783733033202,1783733033202,1351748277749,2,2,4996,45,2350,3,0,0,0,0
1783733033482,1783733033482,1351748277749,2,2,4960,6,1700,16,4,0,0,0
1783733033764,1783733033764,1351748277749,2,2,4975,18,2200,9,0,0,0,0
1783733034136,1783733034136,1351748277749,2,2,4960,3,2500,8,0,0,0,0
1783733034419,1783733034419,1351748277749,2,2,4962,5,2000,9,1,0,0,0
1783733034694,1783733034694,1351748277749,2,2,4963,6,1900,11,3,0,0,0
1783733034979,1783733034979,1351748277749,2,2,4959,2,2500,4,0,0,0,0
1783733035266,1783733035266,1351748277749,2,2,4958,4,2300,9,1,0,0,0
1783733035542,1783733035542,1351748277749,2,2,4963,12,2450,6,1,0,0,0
1783733035822,1783733035822,1351748277749,2,2,4984,31,2500,3,0,0,0,0
1783733036104,1783733036104,1351748277749,2,2,4968,11,2650,5,0,0,0,0
1783733036384,1783733036384,1351748277749,2,2,4992,42,2050,6,0,0,0,0
1783733036664,1783733036664,1351748277749,2,2,4963,6,2400,12,2,0,0,0
1783733036928,1783733036928,1351748277749,2,2,4962,5,2250,14,2,0,0,0
1783733037210,1783733037210,1351748277749,2,2,4958,14,2500,6,0,0,0,0
1783733037492,1783733037492,1351748277749,2,2,4995,51,2050,4,0,0,0,0
1783733037753,1783733037753,1351748277749,2,2,4958,1,2300,7,1,0,0,0
1783733038033,1783733038033,1351748277749,2,2,4960,6,2050,13,3,0,0,0
1783733038312,1783733038312,1351748277749,2,2,4962,5,2100,12,2,0,0,0
1783733038590,1783733038590,1351748277749,2,2,4965,8,2000,17,4,0,0,0
1783733038871,1783733038871,1351748277749,2,2,4966,9,2150,9,1,0,0,0
1783733039150,1783733039150,1351748277749,2,2,4957,4,2350,13,0,0,0,0
1783733039430,1783733039430,1351748277749,2,2,4958,5,2500,3,0,0,0,0
1783733039806,1783733039806,1351748277749,2,2,4960,3,2650,6,0,0,0,0
1783733040089,1783733040089,1351748277749,2,2,4971,14,2500,3,0,0,0,0
1783733040367,1783733040366,1351748277749,2,2,4955,1,2150,12,1,0,0,0
1783733040650,1783733040650,1351748277749,2,2,4958,1,2300,5,1,0,0,0
1783733040943,1783733040943,1351748277749,2,2,4955,2,2100,14,2,0,0,0
1783733041223,1783733041222,1351748277749,1,1,1791075083,0,0,5,0,1,0,0
1783733041503,1783733041503,1351748277749,2,2,4963,6,2150,9,1,0,0,0
1783733041782,1783733041782,1351748277749,2,2,4960,3,2500,10,0,0,0,0
1783733042065,1783733042065,1351748277749,2,2,4960,3,2300,8,1,0,0,0
1783733042345,1783733042345,1351748277749,2,2,4959,2,2150,7,1,0,0,0
1783733042627,1783733042627,1351748277749,2,2,4961,4,2150,17,4,0,0,0
1783733042904,1783733042904,1351748277749,2,2,4955,1,1750,21,3,0,0,0
1783733043184,1783733043184,1351748277749,2,2,4959,2,2350,6,0,0,0,0
1783733043466,1783733043466,1351748277749,2,2,4960,3,1650,27,5,0,0,0
1783733043745,1783733043745,1351748277749,2,2,4960,8,2650,5,0,0,0,0
1783733044029,1783733044028,1351748277749,2,2,4969,35,2450,9,1,0,0,0
1783733044304,1783733044304,1351748277749,2,2,4959,2,2300,4,1,0,0,0
1783733044567,1783733044567,1351748277749,2,2,4962,10,2500,4,0,0,0,0
1783733044844,1783733044844,1351748277749,2,2,4970,23,2500,5,0,0,0,0
1783733045124,1783733045124,1351748277749,1,-1,1786500456,0,0,2,0,1,0,0
1783733045499,1783733045499,1351748277749,2,2,4961,10,2500,1,0,0,0,0
1783733045778,1783733045778,1351748277749,2,-1,4918,2,2500,3,0,0,0,0
1783733046062,1783733046062,1351748277749,2,-1,4917,1,2450,6,1,0,0,0
1783733046343,1783733046343,1351748277749,2,2,4964,13,2500,2,0,0,0,0
1783733046626,1783733046626,1351748277749,1,-1,1786500459,0,0,2,0,1,0,0
1783733046900,1783733046900,1351748277749,2,2,4959,2,2300,5,1,0,0,0
1790153564303,1790153564303,1642207253876,2,2,4959,4,2450,4,1,0,0,0
1790153564346,1790153564346,1642207253876,2,2,4969,12,2500,2,0,0,0,0
1790153564369,1790153564369,1642207253876,2,2,4959,3,2450,8,1,0,0,0
1790153564396,1790153564396,1642207253876,0,0,271278,0,0,0,0,0,0,0
1790153564421,1790153564421,1642207253876,0,0,271279,0,0,0,0,0,0,0
1790153564448,1790153564448,1642207253876,0,0,271280,0,0,0,0,0,0,0
1790153564482,1790153564482,1642207253876,2,2,4961,4,2500,2,0,0,0,0
1790153564530,1790153564530,1642207253876,0,0,271282,0,0,0,0,0,0,0
1790153564582,1790153564582,1642207253876,0,0,271283,0,0,0,0,0,0,0
1790153564636,1790153564636,1642207253876,2,2,4958,3,2650,5,0,0,0,0
1790153564669,1790153564669,1642207253876,2,2,4958,2,2500,3,0,0,0,0
1790153564698,1790153564698,1642207253876,1,1,1791081507,0,0,1,0,1,0,0
1790153564731,1790153564731,1642207253876,1,1,1791080397,0,0,3,0,1,0,0
1790153564753,1790153564753,1642207253876,2,2,4960,4,2450,6,1,0,0,0
1790153564777,1790153564777,1642207253876,1,1,1791081361,0,0,1,0,1,0,0
1790153564830,1790153564830,1642207253876,2,2,4973,16,2500,4,0,0,0,0
1790153564870,1790153564870,1642207253876,2,2,4966,10,2350,7,0,0,0,0
1790153564896,1790153564896,1642207253876,1,1,1791080371,0,0,2,0,1,0,0
1790153564930,1790153564930,1642207253876,2,2,4963,6,2450,4,1,0,0,0
1790153564969,1790153564969,1642207253876,0,0,271294,0,0,0,0,0,0,0
1790153564999,1790153564999,1642207253876,2,2,4960,3,2650,6,0,0,0,0
1790153565033,1790153565033,1642207253876,2,2,4958,4,2450,13,1,0,0,0
1790153565073,1790153565073,1642207253876,2,2,4961,8,2350,2,0,0,0,0
1790153565100,1790153565100,1642207253876,2,2,4967,13,2500,2,0,0,0,0
1790153565132,1790153565132,1642207253876,0,0,271299,0,0,0,0,0,0,0
1790153565174,1790153565174,1642207253876,2,2,4958,2,2500,4,0,0,0,0
1790153565197,1790153565197,1642207253876,2,2,4962,13,2500,2,0,0,0,0
1790153565232,1790153565232,1642207253876,2,2,4961,4,2500,6,0,0,0,0
1790153565276,1790153565275,1642207253876,0,0,271303,0,0,0,0,0,0,0
1790153565297,1790153565297,1642207253876,2,2,4961,9,2500,2,0,0,0,0
1790153565331,1790153565331,1642207253876,2,2,4960,9,2500,1,0,0,0,0
1790153565372,1790153565372,1642207253876,2,2,4959,3,2350,7,0,0,0,0
1790153565400,1790153565400,1642207253876,2,2,4962,6,2300,9,1,0,0,0
1790153565433,1790153565433,1642207253876,0,0,271308,0,0,0,0,0,0,0
1790153565476,1790153565476,1642207253876,2,2,4958,1,1900,13,3,0,0,0
1790153565497,1790153565497,1642207253876,2,2,4960,4,2300,7,1,0,0,0
1790153565530,1790153565529,1642207253876,2,2,4959,2,2300,3,1,0,0,0
1790153565569,1790153565569,1642207253876,0,0,271312,0,0,0,0,0,0,0
1790153565597,1790153565597,1642207253876,2,2,4961,5,2500,4,0,0,0,0
1790153565637,1790153565637,1642207253876,0,0,271314,0,0,0,0,0,0,0
1790153565669,1790153565669,1642207253876,0,0,271315,0,0,0,0,0,0,0
1790153565696,1790153565696,1642207253876,2,2,4960,4,2300,9,1,0,0,0
1790153565730,1790153565730,1642207253876,1,1,1791080441,0,0,2,0,1,0,0
1790153565772,1790153565772,1642207253876,0,0,271318,0,0,0,0,0,0,0
1790153565797,1790153565796,1642207253876,2,2,4961,5,2500,8,0,0,0,0
1790153565830,1790153565830,1642207253876,2,2,4958,7,2500,3,0,0,0,0
1790153565848,1790153565848,1642207253876,2,2,4960,6,2150,9,1,0,0,0
1790153565880,1790153565880,1642207253876,2,2,4958,8,2350,2,0,0,0,0
1790263251707,1790263251707,1642207253876,2,2,4962,9,2500,4,0,0,0,0
1790263251749,1790263251749,1642207253876,0,0,271325,0,0,0,0,0,0,0
1790263251783,1790263251783,1642207253876,1,1,1791082501,0,0,2,0,1,0,0
1790263251812,1790263251812,1642207253876,2,2,4959,2,2100,7,2,0,0,0
1790263251852,1790263251852,1642207253876,0,0,271328,0,0,0,0,0,0,0
1790263251901,1790263251900,1642207253876,2,2,4959,2,2150,6,1,0,0,0
1790263251951,1790263251951,1642207253876,0,0,271330,0,0,0,0,0,0,0
1790263251988,1790263251988,1642207253876,0,0,271331,0,0,0,0,0,0,0
1790263252020,1790263252020,1642207253876,2,2,4959,4,2650,5,0,0,0,0
1790263252058,1790263252058,1642207253876,0,0,271333,0,0,0,0,0,0,0
1790263252115,1790263252115,1642207253876,2,2,4962,9,2650,6,0,0,0,0
1790263252148,1790263252148,1642207253876,2,2,4973,16,2800,6,0,0,0,0
1790263252207,1790263252205,1642207253876,0,0,271336,0,0,0,0,0,0,0
1790263252269,1790263252269,1642207253876,1,1,1791082787,0,0,1,0,1,0,0
1790263252341,1790263252341,1642207253876,2,2,4958,3,2650,5,0,0,0,0
1790263252409,1790263252409,1642207253876,0,0,271339,0,0,0,0,0,0,0
1790263252524,1790263252524,1642207253876,2,2,4963,6,2650,4,0,0,0,0
1790263252593,1790263252593,1642207253876,0,0,271341,0,0,0,0,0,0,0
1790263252654,1790263252654,1642207253876,2,2,4958,3,2500,7,0,0,0,0
1790263252701,1790263252701,1642207253876,0,0,271343,0,0,0,0,0,0,0
1790263252748,1790263252748,1642207253876,0,0,271344,0,0,0,0,0,0,0
1790263252781,1790263252781,1642207253876,0,0,271345,0,0,0,0,0,0,0
1790263252818,1790263252818,1642207253876,1,1,1791082639,0,0,1,0,1,0,0
1790263252848,1790263252848,1642207253876,2,2,4961,6,2500,2,0,0,0,0
1790263252880,1790263252880,1642207253876,0,0,271348,0,0,0,0,0,0,0
1790263252920,1790263252920,1642207253876,2,2,4959,4,2650,6,0,0,0,0
1790263252948,1790263252948,1642207253876,2,2,4961,4,2300,7,1,0,0,0
1790263252985,1790263252985,1642207253876,0,0,271351,0,0,0,0,0,0,0
1790263253022,1790263253022,1642207253876,2,2,4961,4,2650,4,0,0,0,0
1790263253054,1790263253054,1642207253876,0,0,271353,0,0,0,0,0,0,0
1790263253121,1790263253120,1642207253876,0,0,271354,0,0,0,0,0,0,0
1790263253160,1790263253160,1642207253876,0,0,271355,0,0,0,0,0,0,0
1790263253208,1790263253208,1642207253876,2,2,4964,7,2500,4,0,0,0,0
1790263253275,1790263253275,1642207253876,2,2,4959,6,2650,5,0,0,0,0
1790263253336,1790263253335,1642207253876,2,2,4974,19,2500,4,0,0,0,0
1790263253373,1790263253373,1642207253876,0,0,271359,0,0,0,0,0,0,0
1790263253403,1790263253403,1642207253876,2,2,4960,5,2800,6,0,0,0,0
1790263253451,1790263253451,1642207253876,2,2,4961,11,2500,2,0,0,0,0
1790263253502,1790263253502,1642207253876,0,0,271362,0,0,0,0,0,0,0
1790263253553,1790263253553,1642207253876,2,2,4971,14,2450,5,1,0,0,0
1790263253601,1790263253601,1642207253876,1,1,1791082416,0,0,2,0,1,0,0
1790263253633,1790263253633,1642207253876,0,0,271365,0,0,0,0,0,0,0
1790263253673,1790263253672,1642207253876,0,0,271366,0,0,0,0,0,0,0
1790263253702,1790263253702,1642207253876,2,2,4976,19,2500,4,0,0,0,0
1790263253751,1790263253751,1642207253876,0,0,271368,0,0,0,0,0,0,0
1790263253779,1790263253779,1642207253876,0,0,271369,0,0,0,0,0,0,0
1790263253825,1790263253825,1642207253876,2,2,4959,5,2500,3,0,0,0,0
1790263253851,1790263253850,1642207253876,0,0,271371,0,0,0,0,0,0,0
1790378459212,1790153565830,1642207253876,2,2,4959,2,2500,1,0,0,0,0
1790731715225,1790263253825,1642207253876,2,2,4965,8,2500,1,0,0,0,0
1790731715226,1790263253825,1642207253876,2,2,4964,9,2500,1,0,0,0,0
1790772405473,1790772405473,1642207253876,0,0,271376,0,0,0,0,0,0,0
1790817430765,1790153564930,1642207253876,0,0,271293,0,0,0,0,0,0,0
